Date,INFY.NS,SBIN.NS
2021-04-27,0.24490917986470115,1.3974718993561766
2021-04-28,0.3716091831141724,1.6341933434247642
2021-04-29,-0.028371239548411677,-0.6758779171393936
2021-04-30,-0.15429202363564326,-1.0651760973932944
2021-05-03,-0.1695190817701592,-0.5311180336690342
2021-05-04,-1.272739111097083,0.11042880594398381
2021-05-05,0.5314783676212742,0.7078556563200281
2021-05-06,0.9617235141855065,-0.03188039212283238
2021-05-07,-0.5047483715987234,0.48171790013931287
2021-05-10,-0.7108091115475808,0.6238821519359536
2021-05-11,-0.49163105951807257,0.5137079527646758
2021-05-12,-0.23096610504606246,0.5304412006800527
2021-05-14,-0.6106596828209824,-1.4794053871497632
2021-05-17,0.6372075673381259,3.463220308764175
2021-05-18,0.5140739150198023,-0.1256466991721437
2021-05-19,-0.2062597253004107,0.25662948437575567
2021-05-20,0.0785958267732964,-0.030775032064476005
2021-05-21,0.7718647106211411,2.894438097627517
2021-05-24,-0.3888264368851015,1.295145720163919
2021-05-25,0.6679535510489278,-0.009956303559584283
2021-05-26,1.7976185448595907,0.13310398759679012
2021-05-27,0.19288257019951321,1.8828777360561313
2021-05-28,0.0951481826703566,-0.5008152221209183
2021-05-31,0.145051571861095,0.29919301047739943
2021-06-01,-0.38687096825545464,1.2728424059881045
2021-06-02,-0.4866166438051339,0.6496787431702332
2021-06-03,0.5169523645668586,0.9419913944669237
2021-06-04,-0.2520312844297509,-0.9969738093641113
2021-06-07,0.16202292447051653,-0.24803579158354208
2021-06-08,1.1571784129846625,-0.8624191654312143
2021-06-09,0.06995792709629794,-0.9347027392648891
2021-06-10,0.40945737552667094,1.5266113391924658
2021-06-11,1.0887392489449157,-0.42122260912946846
2021-06-14,0.6749194351832019,0.05906025214742615
2021-06-15,0.5389572678287805,-0.19956473221781584
2021-06-16,0.27810720567474206,-0.6562083484790633
2021-06-17,0.666850871135874,-0.9845013733994817
2021-06-18,0.33618597342826645,-1.1733884083253638
2021-06-21,-0.19063338002112512,0.910046719948808
2021-06-22,0.5093015579696794,-0.22139920789667952
2021-06-23,-0.46320865013838874,-0.02576240056609352
2021-06-24,2.554431824219249,-0.34340207395437733
2021-06-25,0.5517072271322152,1.896710056497037
2021-06-28,-0.14648817465566435,-0.34518060751716295
2021-06-29,-0.4362695290847476,-0.8830187385224337
2021-06-30,0.7503774334012657,-0.403172638318271
2021-07-01,-0.9652519527320684,0.13658996764573947
2021-07-02,0.27080548462522147,0.6118807672690432
2021-07-05,0.447807481372133,1.3003694254605338
2021-07-06,-0.8035917763009985,-0.5012855308553144
2021-07-07,0.06258932372498266,0.4305890160325156
2021-07-08,-0.2184857060355104,-1.4397724499396543
2021-07-09,0.053704908302503386,-0.14273865435004562
2021-07-12,-0.7454594341391639,0.5208973550777206
2021-07-13,-0.17069679464012597,0.20659695001823164
2021-07-14,1.40554476291306,0.2624544081868461
2021-07-15,0.12308810060272377,0.04621362571953582
2021-07-16,-1.1926981671410393,-0.3495460832889255
2021-07-19,-0.596716030509532,-0.41248649926391007
2021-07-20,0.3135213340756632,-1.2317685806574727
2021-07-22,1.7289785473287573,0.11620245154749408
2021-07-23,-0.03501398752464346,1.0395079020699647
2021-07-26,0.5447027437651181,-0.9379139444188559
2021-07-27,-0.1059594291055238,0.9331553245550872
2021-07-28,0.09164544535140569,-0.7384394705671316
2021-07-29,0.4669717206712752,2.357508634471196
2021-07-30,-0.3380546392300106,-1.2317153398171556
2021-08-02,0.8874497034323517,0.3242677034069898
2021-08-03,0.9749027730304867,1.5873692929270544
2021-08-04,-0.29994662031713726,1.3132709936040685
2021-08-05,0.14084910689535868,-2.0687503558841853
2021-08-06,-0.19212897885585867,-0.6531156796953966
2021-08-09,0.5261879932369546,-0.3184984067537322
2021-08-10,0.5555804574606403,-1.0699038803746779
2021-08-11,-0.03383013161185303,0.17335995873678356
2021-08-12,0.4731592282498356,-0.20000809270825368
2021-08-13,0.9140684180529209,0.6056184715343923
2021-08-16,-0.3717084093687684,-1.1091972394515546
2021-08-17,1.4927656956705793,-0.5475581225661469
2021-08-18,-0.3684075754701494,-0.33800410540124703
2021-08-20,-0.0634800864113925,-2.2387009745208597
2021-08-23,0.19395170077418644,0.282291724333739
2021-08-24,-0.7937501785712997,1.1124063327152711
2021-08-25,0.538389356495361,-0.25622734896548216
2021-08-26,-0.36423773612559884,-0.9625037030105451
2021-08-27,-0.8222128682754067,0.20927595297310034
2021-08-30,-0.4647930430569967,1.6375465614732911
2021-08-31,0.2964962285095379,0.43313964835459307
2021-09-01,-1.2480420538678811,0.5507073831690169
2021-09-02,0.3826143855654265,-0.0854465311466658
2021-09-03,0.4170811702432042,0.21360966719489802
2021-09-06,1.1727245118117542,-0.12141654576111113
2021-09-07,-1.0037896584179091,-0.3916629428830009
2021-09-08,-0.546635634520271,0.3131558310900152
2021-09-09,-0.10594135868249809,0.09597106490640281
2021-09-13,-0.03161273229492363,0.029723229514764523
2021-09-14,-0.28921693480305916,-0.03745731931772696
2021-09-15,1.0235352527838708,1.742616142484956
2021-09-16,-0.42681923528162796,2.6861357029584703
2021-09-17,-0.49854182315828527,-1.061447134603081
2021-09-20,-0.1860832553256995,-1.936461782761755
2021-09-21,1.2377122105646086,0.09168600813293284
2021-09-22,-0.10930061497502143,-0.04101437940049081
2021-09-23,1.0132879601425444,1.5462351030375816
2021-09-24,0.8085265524195995,-1.2919495974424007
2021-09-27,-1.776980715013031,0.6804680338808744
2021-09-28,-1.1366164695199836,-0.29533117450313034
2021-09-29,0.13449227138150763,2.2180338387132568
2021-09-30,-0.6829736502130086,-0.908330436605367
2021-10-01,-0.4301032162324463,-0.22036337826881847
2021-10-04,0.5094748285451295,1.6067637750392032
2021-10-05,0.5392452831343456,0.14809735377786623
2021-10-06,-0.8602618921652107,-1.1664216748959084
2021-10-07,0.6541713251998174,0.04265071941529812
2021-10-08,1.2909851156060628,-0.043739213400775044
2021-10-11,-1.3645208364731596,1.6671493512509512
2021-10-12,-0.23940510134451953,1.7525574071193573
2021-10-13,0.8926160303882322,-0.20788886896026143
2021-10-14,0.21585874518476017,1.153828477637621
2021-10-18,3.0380811071313834,0.9079905349108783
2021-10-19,0.9381781330489897,-1.371690799645682
2021-10-20,-0.7464236982686124,1.2988879759082301
2021-10-21,-1.8136074595046847,0.3044391070416135
2021-10-22,-1.036689771759765,-0.05803320080996623
2021-10-25,-0.41383298824951703,0.43648971015531507
2021-10-26,0.36421585688166536,0.7853060906078118
2021-10-27,0.9435904861365767,0.8327498994841277
2021-10-28,-1.0473186406057224,-2.4690178506241276
2021-10-29,-1.4017698586512608,0.03519319355519739
2021-11-01,1.0475199255293655,1.4899275761087516
2021-11-02,-0.12068880992009982,0.6130245571246538
2021-11-03,0.1408719801384229,0.6765099897981275
2021-11-04,0.21176951639253466,0.2991596093513358
2021-11-08,1.1549978916237797,-1.0280417083583437
2021-11-09,0.1546489940053914,0.6622331712405513
2021-11-10,-0.14232849200926603,-0.6678987303527633
2021-11-11,-0.33014490460584717,-1.9719601506190412
2021-11-12,1.8714417626161377,0.12789799004331168
2021-11-15,0.21380744669970142,-0.6309432756339357
2021-11-16,0.15674600605437544,-1.5270638375786643
2021-11-17,-0.23970841539913515,0.2851936196905853
2021-11-18,-0.3695460868396821,0.6654062981842027
2021-11-22,-0.8518568476197695,-2.4329424508715514
2021-11-23,-0.9055772178636725,0.5555539829596898
2021-11-24,-1.5761833329882284,-0.03806207310048206
2021-11-25,0.8112685222260877,-0.40336591990966747
2021-11-26,-1.1587591829095925,-2.923720147997805
2021-11-29,0.127842721904336,-0.47986235949606626
2021-11-30,0.5877188757402039,-0.5447660699163502
2021-12-01,0.04567171058209056,1.8277097769180868
2021-12-02,1.3269192536615064,0.14616295865824872
2021-12-03,-0.5501966837533147,-0.5844269448601862
2021-12-06,-1.6602186615476375,-1.1737033869878182
2021-12-07,0.5041289719936577,1.4003448764717294
2021-12-08,1.4923478148675844,1.7734536307906874
2021-12-09,0.3268438061244502,-0.3805886191683601
2021-12-10,-0.20861297169062734,0.7328464903259008
2021-12-13,-0.6345091594019175,-1.0021107597417733
2021-12-14,0.2538275224310113,0.04409833277916555
2021-12-15,-0.777730064079969,-0.5904674018654766
2021-12-16,1.4055777338142297,-0.5742138529554203
2021-12-17,1.7948486822845806,-1.978943847870308
2021-12-20,-0.8302241555949421,-2.040217307304325
2021-12-21,0.4120580382796939,-0.2997365691632827
2021-12-22,0.449442223963736,1.0857583216912257
2021-12-23,1.2161542825783807,0.6953113305438731
2021-12-24,0.1733221891255251,-0.7347553177202358
2021-12-27,0.05584402266380405,0.10127064900673717
2021-12-28,0.7947209692984082,0.4182554857019793
2021-12-29,-0.13964002426960284,-1.1184481508722397
2021-12-30,0.23340410998882033,-0.4257858860906322
2021-12-31,-0.24183157550023068,1.2320041451899728
2022-01-03,0.3632377790740062,1.3821761977011093
2022-01-04,-0.019860938352656152,1.6021465997278903
2022-01-05,-2.1617523338989457,1.0208639346016979
2022-01-06,-0.7855876959955468,-0.14469172908006714
2022-01-07,-0.14258325721479903,-0.12167332606745102
2022-01-10,1.240717638502625,1.7171794715861868
2022-01-11,0.1285202306033201,0.2271092390556047
2022-01-12,0.7731257067566777,0.5208119069098384
2022-01-13,0.676399948981055,0.08983180146436716
2022-01-14,1.161894872019091,-0.4857646835689575
2022-01-17,0.3191110213761065,0.7198481338496473
2022-01-18,-0.7386666986997582,-1.0485229839982992
2022-01-19,-1.9783693624261083,1.0594733142011605
2022-01-20,-1.2402792296770886,-0.6087353423594104
2022-01-21,-1.0989494740171617,-1.1909091399526557
2022-01-24,-1.4762662446530832,-1.0667679293148975
2022-01-25,-0.43498100646315846,2.2901751705130753
2022-01-27,-1.5009770948401353,1.3055897055897643
2022-01-28,0.20176059867806775,-0.612840997664886
2022-01-31,1.745400163139229,1.643475183645186
2022-02-01,1.2189589531171292,-0.6975538932041574
2022-02-02,0.5040728577852265,0.8107972572733256
2022-02-03,-1.936934702571549,-0.02159035133036595
2022-02-04,0.046714254494481175,-1.3461868023341157
2022-02-07,-0.9741405645566313,0.2790790502520729
2022-02-08,0.04510311614607972,-0.29706238918037264
2022-02-09,0.7347341174915036,0.45184272077387694
2022-02-10,1.2314791471760538,0.6379933829469654
2022-02-11,-1.9428116037905607,-1.506945656699802
2022-02-14,-1.229586079992841,-3.1624247388067697
2022-02-15,1.6532268857834822,1.4072764907794
2022-02-16,-0.1989341109072915,-0.6244040327236716
2022-02-17,-0.3544321849606017,-0.3924561573158605
2022-02-18,-0.7470710901607877,0.2210764176596151
2022-02-21,0.878606497869843,-0.5097071278376893
2022-02-22,0.0991937386713591,-1.879797975775642
2022-02-23,0.30204002640234,-0.01036912954324563
2022-02-24,-2.7669447206428255,-3.4151119754573664
2022-02-25,0.4102829164536235,0.6681638574620224
2022-02-28,0.6505994876197435,-0.01712584404213009
2022-03-02,-0.5155715875081287,-1.146150001282168
2022-03-03,0.6584363372826627,-0.8594881256695628
2022-03-04,0.053164537142361606,-0.7348739592421037
2022-03-07,0.6359453415752413,-3.0129657827258387
2022-03-08,1.511344027857367,-0.026671047488500008
2022-03-09,1.2915207297729807,1.2367680998006694
2022-03-10,0.4225743812998983,1.9860085049950222
2022-03-11,-0.1958877894321585,0.13147161356482653
2022-03-14,2.6021206372689285,1.8874408849071729
2022-03-15,-1.758787159360007,0.029463299910927197
2022-03-16,1.3387470291121137,0.872420121886822
2022-03-17,-1.1052840664812922,1.1745054520940157
2022-03-21,-0.08050311440534727,-1.5436654595496933
2022-03-22,1.144379087511235,0.29463379577433296
2022-03-23,-0.5759943783135696,-0.452376863847997
2022-03-24,0.47228317793090996,-0.5476025572279338
2022-03-25,-0.42354717552250576,0.4446733138535136
2022-03-28,-0.14291954150518577,0.9075890835948256
2022-03-29,0.41608941034759994,-0.40699692353955463
2022-03-30,0.6359410667811651,-0.1582184847278837
2022-03-31,0.06251685965607867,-0.17014541613907688
2022-04-01,-0.17136082479574039,2.0523562970479663
2022-04-04,-0.8338936185863666,0.43481616927417105
2022-04-05,-0.8332318791659826,-0.4490665207507386
2022-04-06,-1.1874261626754947,0.5526566362628434
2022-04-07,-0.6268477336034362,0.07494225518395387
2022-04-08,0.08759615796962904,0.09853384064385876
2022-04-11,-1.8854049319515067,-0.23163981826393815
2022-04-12,-0.7565866738824288,-0.35047371555011636
2022-04-13,0.16679382647484062,0.6135492655576834
2022-04-18,-4.969024824510943,-1.195158293807516
2022-04-19,-0.99828521866962,0.22638952027166925
2022-04-20,0.4987804504676473,-0.39344211214849134
2022-04-21,0.8117014479199118,0.8938914093254545
2022-04-22,-1.1537667295825502,-2.1784682236581983
2022-04-25,-0.8576487387632562,-0.5892047924066006
2022-04-26,0.6862207514639489,1.1612472135684373
2022-04-27,-1.1914347225620165,-1.0364088795389828
2022-04-28,1.0906162977612888,1.1388706669759476
2022-04-29,-0.6532197749591538,-1.4171704994448202
2022-05-02,-1.1574832555399797,-0.6154525360814587
2022-05-04,-0.25038630596243155,-1.4567185561408331
2022-05-05,2.070578490852203,-0.004343152641835544
2022-05-06,-1.7436800078693615,0.4663877842913089
2022-05-09,0.8796363061409407,-1.2068317316307142
2022-05-10,-0.7032200928457566,-0.1382850619787883
2022-05-11,-1.1047667355011463,0.13408612337490902
2022-05-12,-0.7401362927737524,-2.163119896885231
2022-05-13,-0.21905089470638936,-1.9557926480240095
2022-05-16,-0.7315105382747537,0.8482574300399399
2022-05-17,1.257551685031199,1.2705196010433764
2022-05-18,-0.45536409818931306,-1.1400478544612886
2022-05-19,-3.8838488304159258,-1.2814437840664485
2022-05-20,0.6401388840580248,1.618563687410773
2022-05-23,0.38041748587266044,-0.21568454941415716
2022-05-24,-1.0999144818551603,0.10290199195648529
2022-05-25,-1.23099094853753,-0.188541939354982
2022-05-26,0.4815893056449611,2.22393638751629
2022-05-27,1.5787442660989142,-0.04661432720487459
2022-05-30,2.735776562799754,0.7383403500782129
2022-05-31,-0.3138773800114462,-1.000345861333051
2022-06-01,-1.1167769759073278,-0.025466915137754374
2022-06-02,1.1534483514277685,0.16914286709752563
2022-06-03,0.5377486489030282,-0.8808953138244071
2022-06-06,0.3296857856800026,-0.16911778210482778
2022-06-07,-1.1330020479491252,-0.10537698419174309
2022-06-08,-0.3213923993953098,1.1539621082458702
2022-06-09,0.6320588657318531,-0.6857696386058633
2022-06-10,-1.8301073000435903,-0.7886357169070157
2022-06-13,-1.9864121828876644,-2.3509218212174092
2022-06-14,0.4608202991930092,0.18321323417853058
2022-06-15,-0.7356760736148296,0.36356652688909596
2022-06-16,-1.08266660085289,-1.4918713914410306
2022-06-17,-0.4449797031680103,-0.1189853601855808
2022-06-20,1.181925606887103,-0.9889019476117799
2022-06-21,1.6035622168902264,2.1816163930709602
2022-06-22,-0.6161802361793144,-0.4129178272342879
2022-06-23,0.6586316321471378,0.4645027370493918
2022-06-24,-0.5881158709236015,0.3666650142378827
2022-06-27,1.5362384263508548,1.0087355145676862
2022-06-28,0.20585821967285864,0.387965843474659
2022-06-29,-0.8505985484238886,-0.8483540300555271
2022-06-30,-0.1018576766962132,0.916223411163802
2022-07-01,0.7891567455423789,0.07688273315191614
2022-07-04,0.3624046182509097,0.9319865142949151
2022-07-05,-0.6285326677771502,-0.24963519234466391
2022-07-06,0.6923382443835967,1.100669915456898
2022-07-07,0.28641165043199085,0.8891925474860782
2022-07-08,0.7038869649301065,0.18977269333490526
2022-07-11,-2.0233696182708116,-0.1121573992913715
2022-07-12,-1.279678980601927,-0.5438058070997193
2022-07-13,0.17755257119547269,0.1643985265032128
2022-07-14,-0.701283448235322,-1.126120013423718
2022-07-15,0.02797247769090837,-0.08503079025048765
2022-07-18,2.7501465454514813,1.5366317946884345
2022-07-19,-0.27388507838433956,0.9169308923814937
2022-07-20,1.327534241954705,1.324880905880019
2022-07-21,0.7230994373493814,0.3698485339112024
2022-07-22,-1.2539773995568648,0.16082103290968264
2022-07-25,-0.14615483245829874,0.5052228260574678
2022-07-26,-2.427221631756877,-0.5599654069434088
2022-07-27,0.5975838205670595,1.8111469651060572
2022-07-28,1.7094913734894712,0.4299854073050322
2022-07-29,1.2020505716706567,-0.5775131384297381
2022-08-01,0.012318910376296288,0.6316214717609612
2022-08-02,-0.3728948436517905,1.015650246309555
2022-08-03,0.9677314147245837,-0.21577849867707716
2022-08-04,1.4458410793955312,-1.0587501934305388
2022-08-05,0.6614522516210598,-0.31424292591667985
2022-08-08,0.073125641063586,-1.440977856082683
2022-08-10,-0.7987878135872022,-0.671462733468555
2022-08-11,0.6954097623131963,1.1379449256220127
2022-08-12,-1.1676935238373938,0.6523454160839577
2022-08-16,0.054941795383730195,-0.6624137524275182
2022-08-17,0.37373774870542714,0.22273991861003692
2022-08-18,-1.076286980225687,0.4975214606155207
2022-08-19,0.5327721210872589,-1.6826252597994267
2022-08-22,-0.9686775903904177,-1.0040467977044447
2022-08-23,-1.411794748518499,1.0965262717594908
2022-08-24,-0.21338277660613456,-0.35346160330917614
2022-08-25,-0.8547062932632438,0.08422079624964363
2022-08-26,0.10381757574424015,0.3987185471302321
2022-08-29,-2.793167025244246,-1.2939750870635
2022-08-30,0.878028341464888,1.844033262387594
2022-09-01,-1.0644600511285234,0.16258210882112473
2022-09-02,-0.44639390074262775,0.358508662328127
2022-09-05,0.3115527529854654,0.22396419449078156
2022-09-06,-0.3289717057074657,-0.20821609346911196
2022-09-07,0.07850117790550992,-0.7282957807008833
2022-09-08,0.8434708446677827,1.4354880848404359
2022-09-09,1.6520696078072987,0.9478193719187393
2022-09-12,1.040260203732892,0.12474948592178077
2022-09-13,0.3433258433884658,0.32997685251485787
2022-09-14,-3.3042264926402614,1.6786943747643914
2022-09-15,-1.1661866128519067,-0.012904710614576901
2022-09-16,-1.690461602192912,-1.3191408301790286
2022-09-19,0.34479685059234605,1.036666244816285
2022-09-20,-0.09603100188162521,0.1400348303958034
2022-09-21,-0.5316268996066534,-0.5824942800076035
2022-09-22,-0.47723553485071496,-0.34628197098381763
2022-09-23,-0.1645683084623175,-2.1569778020133565
2022-09-26,0.7128600180862767,-0.6789609561912201
2022-09-27,0.6326668067103075,-0.749615718794772
2022-09-28,0.012353827756952953,-1.3665428497151768
2022-09-29,0.15851327577666388,-0.35998353854052745
2022-09-30,0.7174607598833656,1.0033314065392478
2022-10-03,-1.0547624372747086,-1.392979591421013
2022-10-04,1.6041699780866072,1.3226501616277357
2022-10-06,1.1111978362685067,0.4448551687407773
2022-10-07,-0.22639157224700154,-0.9315096779587746
2022-10-10,0.5049105432670966,0.012844577565641847
2022-10-11,-1.9597328870510111,-0.4967000601606038
2022-10-12,0.15235394852211567,0.7773232113245699
2022-10-13,-0.42600694316163973,-1.6793436101311279
2022-10-14,2.4584902345072743,0.5461763081025505
2022-10-17,0.5982117771068755,1.8791081120155901
2022-10-18,0.5652879347822235,1.8691384319436732
2022-10-19,-0.8914574045415266,-0.9071246254333319
2022-10-20,0.6404506387073933,0.15564420513936408
2022-10-21,-0.06334812829829478,0.5838705507631748
2022-10-24,0.7729001698409406,1.1119842203535717
2022-10-25,0.3478584543033189,0.8722314259134021
2022-10-27,0.6243540356188118,0.06829451324303627
2022-10-28,-0.5522402318939234,-1.1586613196022595
2022-10-31,1.0787560904737432,0.2794144643392523
2022-11-01,1.535737555357608,0.3089960345930465
2022-11-02,-0.8947041785504337,-0.4375636531953419
2022-11-03,-0.9855593543201064,1.2851746704243439
2022-11-04,-0.7223785077758206,0.9514866139229455
2022-11-07,-0.315639325451687,2.1633065404311194
2022-11-09,0.12653882655843068,0.0751782350703736
2022-11-10,-0.47900845413496995,-1.107005648830013
2022-11-11,3.0723992518941854,-0.4936204141083508
2022-11-14,0.5218976300303326,-1.0128830189628777
2022-11-15,0.31486748960882405,0.8041319960445428
2022-11-16,0.33689204188423444,-0.17792183808489118
2022-11-17,-0.7323551218017628,-0.14134533884283057
2022-11-18,0.21589386877629907,0.37431211934855435
2022-11-21,-1.1737702486041623,-0.6139695592877803
2022-11-22,0.6368820331189513,0.057366109163472956
2022-11-23,-0.12520560391304308,0.9542254832008702
2022-11-24,2.000944517690594,0.1314776121811694
2022-11-25,0.1886331816767801,-0.2908039641417248
2022-11-28,-0.5659428063320809,0.08041491747583945
2022-11-29,0.19718588549904287,-0.06845672038875986
2022-11-30,0.211704239489691,-0.7958043436741179
2022-12-01,0.9236431205621981,0.5746880205305179
2022-12-02,-0.8742545719706152,-0.12397622577563619
2022-12-05,0.03490169901693251,1.0795949298954437
2022-12-06,-1.2028928431870165,-0.9859604652166706
2022-12-07,-0.3243178174664035,-0.2497050099796748
2022-12-08,0.5680942898445622,0.459135120561259
2022-12-09,-2.268957694879496,0.4952153254195553
2022-12-12,-0.7200932612800224,-0.4609348237663086
2022-12-13,0.8491688345766633,0.36391683377821565
2022-12-14,0.2451392788320564,0.9453172468140312
2022-12-15,-1.734451288067856,-1.1209801744595254
2022-12-16,-0.6808248224881744,-1.3255300308223583
2022-12-19,-0.6187940137303394,0.05517649510305106
2022-12-20,-0.040674443659176863,-0.05614845984708635
2022-12-21,0.05890057328829869,-1.3526546071265866
2022-12-22,0.5400745507112924,-0.04842038232324828
2022-12-23,-1.2285515980672548,-2.291906622388968
2022-12-26,0.1845089163657586,1.7358710736497018
2022-12-27,0.5187304400105517,0.3280131510093113
2022-12-28,-0.2640550393657135,-0.13527692766841842
2022-12-29,0.3037827310750645,1.133287799179715
2022-12-30,-0.49132010481921096,0.14491453491113282
2023-01-02,0.6932927212654522,-0.2323550482580825
2023-01-03,-0.11409026286935262,-0.037654504893226234
2023-01-04,-1.3700611443839947,-0.9193857860056741
2023-01-05,-0.8445041891391659,-0.06599501296000326
2023-01-06,-1.1688586945163337,-0.5798041054822574
2023-01-09,1.3973396288148243,0.7474325183309992
2023-01-10,-0.6593350213795021,-1.5054323953674957
2023-01-11,0.02640787707640857,0.10039878587809653
2023-01-12,0.3933698198161941,-0.2557821828586662
2023-01-13,1.0497444104233453,0.5472315336007206
2023-01-16,0.9642235107697705,0.27840265290779914
2023-01-17,0.5929479839101572,-1.2693061481892927
2023-01-18,0.22536459235256878,-0.2045257996246411
2023-01-19,-0.34944825768402277,-0.2413589591903287
2023-01-20,-0.6681550036263894,0.22034380190657082
2023-01-23,0.9669062683999221,0.9330001727566578
2023-01-24,0.128892041257965,-0.7672227681823837
2023-01-25,-0.456169746773329,-2.9883238528514413
2023-01-27,-1.1449249144977158,-1.9661145031284186
2023-01-30,0.7772143143918443,-0.1222575866597827
2023-01-31,-0.2656775595169429,1.2327002397204512
2023-02-01,0.7424528759607318,-2.5522470439073484
2023-02-02,1.4239435959766074,0.022265819434485214
2023-02-03,0.6259298573181638,1.4317832224221303
2023-02-06,-1.354369562853139,0.0675375287293488
2023-02-07,-0.32360368271516216,0.14340279773092937
2023-02-08,1.1368401339956378,0.2753311533048937
2023-02-09,1.0690131274678272,0.07429566526605506
2023-02-10,-0.40370887311103404,0.23286208357746535
2023-02-13,-1.8457186964818955,-2.1326310350476025
2023-02-14,0.849022290536011,0.2675002346873792
2023-02-15,0.10551274606266224,0.1054008868610418
2023-02-16,0.15745386760779276,-0.33083107223197883
2023-02-17,-0.8412227639127109,-1.25445254876608
2023-02-20,0.3235277666174788,-0.7192014063081776
2023-02-21,-0.61668165779773,-0.256658815479027
2023-02-22,-0.8177950216473362,-0.9928818334721798
2023-02-23,-0.5131269183606574,0.5143455222543601
2023-02-24,-0.04397730850022222,-0.05301647729862607
2023-02-27,-1.9552109439240148,0.8417601816180624
2023-02-28,-0.8009087768650841,-0.7094056001772634
2023-03-01,0.29210828520951676,1.7092884022830013
2023-03-02,-1.08747130339448,-0.3878472996674369
2023-03-03,0.2597269024773535,3.2726737165532604
2023-03-06,1.2230932496901123,-0.0029486662801613077
2023-03-08,-0.7102207160799688,0.2743783425678947
2023-03-09,-0.5934723175533714,-0.761257004454532
2023-03-10,-0.44598099630579535,-1.4244574339232452
2023-03-13,-1.7720058251859052,-1.8372933925521362
2023-03-14,-0.6076529370024624,-0.4205606256293394
2023-03-15,-0.051505197758085534,-0.8905051513168376
2023-03-16,-0.7778785466521553,0.7273816813236447
2023-03-17,0.7323907181368079,0.5895649896300664
2023-03-20,-0.8736617641010285,-1.4363497195153534
2023-03-21,-0.6477112597203403,0.24240042838334078
2023-03-22,-0.10980470204849473,-0.09499118526859882
2023-03-23,-0.7874843211683901,-1.2559486418858237
2023-03-24,0.2564629673187255,-0.9275957263957165
2023-03-27,0.37595165885704734,0.518326690547131
2023-03-28,-0.6326276495727611,-0.3261151969134316
2023-03-29,0.2563983574900487,1.0816847913673535
2023-03-31,2.204913872157824,0.8754463701272481
2023-04-03,-0.8220254676130316,0.32611000104394344
2023-04-05,0.5349905313342748,-0.5654746923871982
2023-04-06,-0.12354455556262474,0.5546079991945193
2023-04-10,0.23860136271502,-0.24178323728235876
2023-04-11,-1.1341506627948987,0.7228834147579885
2023-04-12,0.9640510387247555,-0.5791770776033988
2023-04-13,-1.9068131945582185,0.5597761325007772
2023-04-17,-5.154043983677589,1.379821977549636
2023-04-18,0.008548128478205127,0.1619499568573549
2023-04-19,-0.6836821783859471,-0.7740356153304241
2023-04-20,-0.3022513916098905,0.4972241142954794
2023-04-21,0.1315587373660544,-0.2718765950577886
2023-04-24,-0.09051174267841784,1.4225353324748888
2023-04-25,-0.11859112337649204,0.7781609030248093
2023-04-26,0.10751829306895427,0.48300766259881994
2023-04-27,1.0384472329058645,-0.2586960483761109
2023-04-28,0.3197725536122938,1.628950652472826
2023-05-02,1.3531432573054123,-0.3847830339140921
2023-05-03,-0.49741813665074613,-0.624140267240547
2023-05-04,0.19734343862985523,1.0574261272848593
2023-05-05,-0.8592773934263711,-0.46079490585210386
2023-05-08,0.30460422874235565,0.7805588329273866
2023-05-09,0.23702987277535464,-1.2616953683791283
2023-05-10,-0.46687837863747467,-0.18436732739519932
2023-05-11,-0.4450446877618964,0.089298371268264
2023-05-12,-0.6576258030809835,0.517406260933846
2023-05-15,0.6792768748167749,0.3976660617981225
2023-05-16,0.285226165431364,0.47752766836999455
2023-05-17,-1.0379334733883452,-0.06246131601142276
2023-05-18,-0.08620954196642502,-1.573633912069612
2023-05-19,1.2191573649802203,0.04753297524122998
2023-05-22,1.2354852725809677,0.17281117817989047
2023-05-23,0.33607771939189324,0.47964139650665155
2023-05-24,-0.12157940048988462,0.07227770867432651
2023-05-25,0.2694422242548831,-0.24252047083381567
2023-05-26,0.6762947089113069,0.5261976677555328
2023-05-29,-0.21326383455839754,1.0283409955565015
2023-05-30,0.4712496320600871,-0.31369274815273873
2023-05-31,-0.3496688930982453,-0.25984854338256314
2023-06-01,0.02062976275595021,0.29553822278697633
2023-06-02,-0.21272379712221506,0.48587012492501563
2023-06-05,0.2602702319162131,-0.06257238770014152
2023-06-06,-1.4780305436248875,-0.2910547956986958
2023-06-07,0.4303207476283947,0.4109836358967201
2023-06-08,-0.3603102187278403,-0.1482036789524597
2023-06-09,-0.9543357267350507,-1.278440022342763
2023-06-12,1.279097900766065,-0.05566538068998535
2023-06-13,0.6129091963289275,-0.32443870777625555
2023-06-14,-0.2814053991064487,-0.04148704063626771
2023-06-15,-0.7869934385374167,-1.328706060148835
2023-06-16,0.21290308526475035,0.4527739585813503
2023-06-19,0.08302774397908803,-0.3398881208297492
2023-06-20,0.47435775588538626,-0.23685816382636976
2023-06-21,-0.27072466270921,-0.19284287580003465
2023-06-22,-1.0375653906542937,-0.49545203173044045
2023-06-23,-0.8886040186536418,-1.1126614591463773
2023-06-26,0.23053845387980393,0.22369050903405818
2023-06-27,0.4295270327067869,1.047589796979231
2023-06-28,0.7345513594986397,0.3767960438692511
2023-06-30,2.2288910815621654,0.31351000506323873
2023-07-03,-0.13151490258950171,1.495362429368131
2023-07-04,0.5447627235439451,0.35868206101415145
2023-07-05,0.06686378637759582,0.09805520668603021
2023-07-06,-0.22724616878997336,0.16823997325963733
2023-07-07,-0.7835207738415915,0.07171859928853574
2023-07-10,-0.09537227340445839,-0.1854088495471975
2023-07-11,0.9836235092587461,-0.5599469020120803
2023-07-12,-0.8478411586785528,0.024112399704080714
2023-07-13,1.5308761560489252,-0.5030850926227373
2023-07-14,2.8303023467032338,-0.2099031748068678
2023-07-17,-0.16373670603907323,1.9581236815087868
2023-07-18,2.3105535050283557,-0.9355862323335004
2023-07-19,-0.05330447337852387,0.8623516096015729
2023-07-20,-1.2095497089829121,0.8547243033349943
2023-07-21,-5.189446883590501,0.48881686198471325
2023-07-24,0.07850468261332476,0.22683389899516987
2023-07-25,-0.07398201477458925,-1.0006445206102128
2023-07-26,0.46936851981399325,0.5310555475079507
2023-07-27,0.14560774395235795,0.09574438917003399
2023-07-28,-0.6542965307999234,-0.1194417885791949
2023-07-31,0.7052324682957168,0.4235346370080948
2023-08-01,0.43606451978046007,-1.0387400232693023
2023-08-02,-0.4801607406755621,-1.4751183397685323
2023-08-03,0.3413151943713565,-0.7684686959211284
2023-08-04,0.6870932744579759,-1.7843766042342746
2023-08-07,0.7088224467193396,-0.4796837396027032
2023-08-08,-0.1902277174233534,0.4742048368272221
2023-08-09,0.1719969915870565,0.016844833183400302
2023-08-10,-0.32204789407745876,-0.07255344878538672
2023-08-11,-0.9433262354306263,0.0009742815188870974
2023-08-14,1.0020559002545866,-1.7715328108256878
2023-08-16,1.1633334015254868,0.394014885235058
2023-08-17,-0.3812493639177628,0.7085805118976254
2023-08-18,-1.17674300635424,0.03472095601557723
2023-08-21,0.7060440254665759,-0.21595991136070208
2023-08-22,-0.12283120145050043,-0.46461224603382295
2023-08-23,0.16561837565627208,0.9763458282131116
2023-08-24,0.7468303627127149,-0.05465393470886496
2023-08-25,-0.22237251010130601,-0.9316450796045804
2023-08-28,-0.27049844450058497,0.2770578487737773
2023-08-29,0.05661930345108409,0.18268482184870125
2023-08-30,0.8430916531792862,-0.9977756632961953
2023-08-31,-0.03201364924879414,-0.7467480332645986
2023-09-01,0.37600410420443,0.8839401506267703
2023-09-04,1.0106600106448194,0.6373616330359295
2023-09-05,0.6171992013031925,-0.365845857103117
2023-09-06,-0.11639309446750155,-0.366699254041003
2023-09-07,-0.5965792072200434,0.9926201345040604
2023-09-08,0.11902233412615279,0.4561634646404972
2023-09-11,0.28746708318108566,0.9268314559219505
2023-09-12,1.149089441993418,-0.4500627657681806
2023-09-13,-0.17563642122400616,0.891524300773506
2023-09-14,0.36450125694870855,0.0369332547332544
2023-09-15,0.17569108380582263,0.11760040787344438
2023-09-18,-1.0019308682898027,0.5574572251601252
2023-09-20,-0.1083956046825365,-0.4007005447603285
2023-09-21,0.4921101662983031,-1.6066597076598177
2023-09-22,-0.3115468134332552,0.8939409413443687
2023-09-25,-1.1017436606826454,-0.47953835174539927
2023-09-26,-0.6299607252234264,-0.016922171292161954
2023-09-27,0.24543414920980924,-0.6144103972051898
2023-09-28,-1.3645732990832273,-0.03462483097481823
2023-09-29,-0.20270523133352103,0.973190361327796
2023-10-03,-0.10857268030360857,0.44219298446343347
2023-10-04,0.45874814634438843,-2.044727093250452
2023-10-05,0.889555711674545,0.45690258767960257
2023-10-06,0.6867050328695693,0.16193650954645558
2023-10-09,-0.20289214223774282,-1.1146440868873306
2023-10-10,0.9075443010020359,0.6321732419327786
2023-10-11,-0.08238601746286688,-0.4305342158383523
2023-10-12,-1.4516492822392715,-0.3278542467851622
2023-10-13,-1.4629024227934542,-1.2607913231879087
2023-10-16,0.08102449265982742,-0.10229247488318431
2023-10-17,0.32209321991617407,0.03614046667298665
2023-10-18,-0.13327393518463385,-0.5318602795785863
2023-10-19,-0.38326717636133667,-0.23597166001655306
2023-10-20,-0.36062636314932167,-1.0799025739775747
2023-10-23,-0.975395652426982,-1.2049932540128823
2023-10-25,-1.0186282470234183,0.2905634944310585
2023-10-26,-0.5215565887452461,-1.1616439623251977
2023-10-27,0.9627646405100815,1.4772671339849264
2023-10-30,-0.20765126252399208,0.3691926701167403
2023-10-31,-0.487505644960897,-0.01681299801142149
2023-11-01,-0.7761238949443242,0.045381606839639446
2023-11-02,0.7497037890541997,0.6605197210526256
2023-11-03,0.9047629795505132,0.6837021482667702
2023-11-06,0.6668692666208363,-0.5254438439767917
2023-11-07,0.004209813636002469,0.5919628455769573
2023-11-08,-0.7305642286588564,0.005063352598296779
2023-11-09,-0.8465291390994961,-0.3044902026544527
2023-11-10,-0.32586436494156845,0.08151189018809739
2023-11-13,0.19337952066676053,0.16875204782947936
2023-11-15,1.8420754245951108,0.35506714442337645
2023-11-16,1.5563150765546345,-0.06909540714177353
2023-11-17,-0.37996298799062594,-2.8008069747106665
2023-11-20,-0.0877647439622116,0.019216716379490136
2023-11-21,0.07374872694572984,-0.2742651488047526
2023-11-22,0.8894929019689911,-0.3518509242504058
2023-11-23,-0.4650939000958972,0.06458085435301246
2023-11-24,-0.6223620025102283,-0.010543257915789497
2023-11-28,0.211616028303308,0.466173075609576
2023-11-29,0.7828888531751188,0.46405347167304484
2023-11-30,-0.2634222180828275,-0.5497854791004972
2023-12-01,-0.1849733565853958,0.801471967747777
2023-12-04,0.5502869333018109,2.662587057241612
2023-12-05,-0.5597348389734201,1.1263567301902648
2023-12-06,0.932318363033103,-0.03296812565100654
2023-12-07,-0.44712981663750573,0.29738137301444256
2023-12-08,1.155212979340868,0.21977588406303253
2023-12-11,-0.16960242586125227,-0.05049798981221019
2023-12-12,-0.6420581506687733,-0.28121028743296994
2023-12-13,-1.3206910987681484,0.810658469745894
2023-12-14,2.111913212133476,0.36625579762474403
2023-12-15,2.9166203448287127,2.6992985653083723
2023-12-18,-0.5165431773717738,-0.0289521856934564
2023-12-19,-0.27069751866360436,0.6222289443695217
2023-12-20,-0.9788086047473377,-2.0487606790488067
2023-12-21,-0.054386068680073014,0.5107391493804139
2023-12-22,1.143830450022265,-0.703755441698458
2023-12-26,-0.8816651333340763,0.07536711733271405
2023-12-27,0.9345663292328745,1.0665417143617029
2023-12-28,-0.23799355559181523,0.23402295803689607
2023-12-29,-0.9373445577540734,-1.0812276562963041
2024-01-01,0.319064952209349,-0.12097844025428152
2024-01-02,-0.8076724668150971,-0.26376178260934696
2024-01-03,-1.9995463515634913,0.38177570337514405
2024-01-04,0.7339311858845743,-0.14034028406869903
2024-01-05,0.7357978173665962,-0.1520301351894581
2024-01-08,-0.4595942285975705,-1.7719890020496751
2024-01-09,0.24680488120979271,-0.18239094079355678
2024-01-10,-0.4800065393131755,-0.4315184262435065
2024-01-11,-1.2393919987900164,-0.22686461727886323
2024-01-12,4.693929076596894,1.4500144217784672
2024-01-15,1.0334076218245052,0.5994412991934487
2024-01-16,-0.7086186480903314,-0.40114152956031096
2024-01-17,0.27501969474805477,-1.262388851031628
2024-01-18,0.05393803148730811,0.17063843891910946
2024-01-19,0.6567267007022413,-0.117758724604429
2024-01-23,-0.776606077099048,-2.6676607217402033
2024-01-24,1.314716652465299,0.8843792449763073
2024-01-25,-0.29954006109236236,-0.5228898468468561
2024-01-29,-0.5680251869348403,0.953496559253311
2024-01-30,-0.257731186232292,0.3325159599083459
2024-01-31,0.3594968160657242,1.4392990503254806
2024-02-01,-0.212613032337878,0.6509262487778693
2024-02-02,1.5162792123717905,0.14888133195259529
2024-02-05,-0.29604787854864156,-0.7967342940946162
2024-02-06,1.6957760035149076,0.6990132670502999
2024-02-07,-1.4411661816567902,2.528346943625756
2024-02-08,-0.08999407825272193,1.8284296410001806
2024-02-09,-0.9243629985682216,1.7996243911700287
2024-02-12,0.36808792043538235,-1.2626297412006098
2024-02-13,0.13638092733169196,0.3420146288805458
2024-02-14,-0.8205691582592076,2.448192363894433
2024-02-15,0.3674421705973048,1.162737174373724
2024-02-16,1.0054256095378356,-0.563538175343901
2024-02-19,-0.12437540828757415,0.3211812946003219
2024-02-20,-0.6572891040668541,0.01701313898190494
2024-02-21,-1.2716105066629981,1.0002736621872563
2024-02-22,0.90770970884666,-0.5591083354830487
2024-02-23,-0.2194181232282029,-0.6727945310796463
2024-02-26,-0.7362108269417584,-0.06984128853451174
2024-02-27,0.09874621866546547,-0.9112134695102867
2024-02-28,0.27838923996524856,-0.6989794507382278
2024-02-29,0.067657172510638,0.43806995905355184
2024-03-01,-0.8809191981473251,1.865010269839126
2024-03-04,-0.7565257004359622,0.1708051488468028
2024-03-05,-1.2931988497014841,0.9753404625642657
2024-03-06,0.3708324702190018,-0.06380491594884959
2024-03-07,-0.08743098884114765,0.31312030558650805
2024-03-11,-0.7309097803872935,-1.3821905802428542
2024-03-12,0.4785505422059829,-1.1315414765455531
2024-03-13,-0.11284754839682624,-0.9805630169115502
2024-03-14,1.7934196451145052,-0.5232760274433714
2024-03-15,-0.8325880236325108,-0.8414193960823857
2024-03-18,-1.3030116295838448,-0.13410460384640255
2024-03-19,-1.5590286901707104,-0.7364099386696172
2024-03-20,-0.2432884644874007,1.0823300866511023
2024-03-21,-0.04748387417499968,0.6573819729649056
2024-03-22,-2.0489117680181628,0.16012867024616306
2024-03-26,-0.568162140983883,-0.6990384312743386
2024-03-27,-0.3751601606667075,-0.6816710594678564
2024-03-28,0.570334677620358,1.6631717636529175
2024-04-01,-0.16287915713413423,0.4232904879242243
2024-04-02,-0.6419520617961152,0.6558214092070437
2024-04-03,-0.14448818499214688,0.3568700510792411
2024-04-04,0.24492655930318075,-1.1525769223286895
2024-04-05,-0.41492438013578753,0.39334548078975995
2024-04-08,-0.15976806572570648,0.2558554423391875
2024-04-09,0.8341141777737338,-0.44107965456587034
2024-04-10,0.5204248993365858,1.2969639333861476
2024-04-12,-1.1032852224193628,-1.1428728116123203
2024-04-15,-0.7629171329575314,-0.7400253939080434
2024-04-16,-2.44706534459141,-0.5311180528162266
2024-04-18,0.12531031910171844,-0.664440948069861
2024-04-19,-0.3509649919093544,0.4453810590596483
2024-04-22,0.915195224320565,1.3766192841363054
2024-04-23,0.4036322679229055,0.5213921324570635
2024-04-24,-0.6114663396774925,-0.05118151868995931
2024-04-25,0.3270014338039564,3.5061248269703498
2024-04-26,-0.4509494627919938,-0.6942191234893235
2024-04-29,0.17786259152017359,1.633257157031351
2024-04-30,-0.7601254399694222,-0.06576071234844212
2024-05-02,-0.3356371888292804,0.2407173749936973
2024-05-03,0.04798991406193209,0.05689884414236651
2024-05-06,0.4386578965179228,-2.133004010969696
2024-05-07,0.7096066215665904,-0.3989436292477164
2024-05-08,-0.7282478841981245,0.6087454649862408
2024-05-09,0.5437967049341489,0.6689385176166414
2024-05-10,-0.7662037902578748,-0.2646916109884888
2024-05-13,-0.1100159162439138,-0.8032805789805583
2024-05-14,0.017549040906038083,0.7146665238388009
2024-05-15,-0.2854855128200377,0.11517723929162274
2024-05-16,1.6252421003226016,-0.7912595288500072
2024-05-17,-0.4707727847147094,0.4295720870001081
2024-05-21,-0.5292956898993805,1.0264587010867392
2024-05-22,0.9449100597755996,0.0888725867131513
2024-05-23,0.7907844831704972,1.0880866428704492
2024-05-24,-0.395624039515053,-0.3453287501056012
2024-05-27,0.2566840454620263,0.36958408299255363
2024-05-28,-0.25605125754533603,-0.280539409253847
2024-05-29,-0.8385584603995458,-0.7979957460074755
2024-05-30,-1.1441605433865663,0.20447894962509564
2024-05-31,-0.5859607523575528,0.3230036069815564
2024-06-03,-0.08589235178148216,6.166264917206249
2024-06-04,-0.6493816879754325,-4.8261790290890625
2024-06-05,1.7180590740795036,0.2197214656515245
2024-06-06,1.8638614538949698,0.6720738742190872
2024-06-07,2.5547620170944647,0.4580894506217583
2024-06-10,-1.3438333592150258,0.05974924863492469
2024-06-11,-0.17550374579639383,0.2126767012630105
2024-06-12,-0.4832689886191985,0.22535442230785224
2024-06-13,0.3484362092480466,0.3411619345145845
2024-06-14,-0.28086238310341743,-0.4623399627383946
2024-06-18,0.3972886708559041,0.4180100505549625
2024-06-19,0.5808288585036792,0.5856294423031093
2024-06-20,0.14547709557701113,-0.8030827480956167
2024-06-21,0.7755923293260233,-0.6486710950874831
2024-06-24,-0.30657486993876043,-0.344556701447363
2024-06-25,0.6460642330054356,0.7344459845235014
2024-06-26,-0.10469439439023301,0.1942015632169364
2024-06-27,1.4696954737718089,-0.1764086892151474
2024-06-28,-0.33623323902946295,0.3606554054753429
2024-07-01,1.0269159337904892,-0.6604269190034159
2024-07-02,1.2695615441651813,-1.3638316703097344
2024-07-03,0.22248230547056602,0.9161866800679035
2024-07-04,0.961578393174677,-0.10475449374489536
2024-07-05,-0.18317690713945836,1.6023772367040343
2024-07-08,0.5693793882778412,-0.3102725330939572
2024-07-09,-0.24110246297395796,0.3411440865248405
2024-07-10,-0.4324529991041013,-1.0771308264472976
2024-07-11,0.14762180282965442,0.5170582044357541
2024-07-12,2.4846879063667853,0.1779751698968562
2024-07-15,-0.21844633378692033,1.7054514909521221
2024-07-16,0.7103469657885271,-0.10226448385402802
2024-07-18,1.2366047677535796,0.9362034766886471
2024-07-19,1.3066847698510207,-0.37960951847326235
2024-07-22,0.6302478167290232,-1.0504011882048991
2024-07-23,0.9544908680295213,-0.986762819958872
2024-07-24,-0.1588077253207856,-0.8920060841076966
2024-07-25,-0.4002763994155327,-0.30063712673013276
2024-07-26,2.030157679894045,1.0383551272941927
2024-07-29,-0.31751048214870703,0.6415982961390153
2024-07-30,0.17906449480627257,0.03418936505531284
2024-07-31,-0.38282069111497447,-0.0942959972397757
2024-08-01,-0.64110180857314,-0.8757515544290491
2024-08-02,-1.2227068381442077,-1.2064804923469696
2024-08-05,-2.427122638684855,-2.635430692738867
2024-08-06,-0.04294695010713213,-0.6725115943007623
2024-08-07,1.2159070600467083,0.6035934426264704
2024-08-08,-1.700443853451478,-0.09483358484486568
2024-08-09,0.7660966909818323,1.2736392657573983
2024-08-12,0.8491107081783391,-0.9764029656259146
2024-08-13,-0.041246122884712376,-1.199894124181914
2024-08-14,0.9435814178021327,0.3397004919747465
2024-08-16,1.3052249855848244,0.6814238806642541
2024-08-19,0.16909536761487606,0.07417505957219313
2024-08-20,0.2356417633067352,0.514146484885378
2024-08-21,-0.02679702375758251,-0.4761754052403462
2024-08-22,0.24588426290810872,0.348911777404542
2024-08-23,-0.7506831702339759,-0.49523770561357483
2024-08-26,0.4749442842571456,-0.08533153511132693
2024-08-27,0.8507712090862887,0.01332539028247941
2024-08-28,1.3883501385408468,-0.6436209198301011
2024-08-29,-0.2497553119018966,0.37681637075777336
2024-08-30,0.3324027486841624,0.034072924223872696
2024-09-02,0.7168451196641272,0.51632310293037
2024-09-03,-0.8971425404147387,0.16799396583301296
2024-09-04,-0.6894552679711018,-0.7950368334190864
2024-09-05,0.3287591871437399,0.1291658356210614
2024-09-06,-1.1853460094038726,-3.2739704247939136
2024-09-09,-0.2743266910366914,0.05396785108470131
2024-09-10,0.5831158176898797,-0.15094281929721529
2024-09-11,-0.1240016643734728,-1.19828043923703
2024-09-12,1.4470722132856282,1.3720232356734952
2024-09-13,-0.2702660057335368,0.17704161366001284
2024-09-16,0.17862191356306306,-0.5079928759164036
2024-09-17,0.03884671255204774,-0.2885932176381777
2024-09-18,-2.3217728402752296,0.8216895586112212
2024-09-19,0.025748662673111686,-0.30652058313251357
2024-09-20,0.3268733345268957,-0.8037027911784135
2024-09-23,-0.3679910876777611,1.6426485154404016
2024-09-24,0.0353470036372303,-0.32865591900313806
2024-09-25,-0.16892658350540574,-0.490562897332265
2024-09-26,0.14253195586333847,0.6937932399094312
2024-09-27,0.20130058849212082,0.008176846147244564
2024-09-30,-1.2426396451269413,-1.391699774008205
2024-10-01,0.9230772973370114,0.6264877900664326
2024-10-03,-0.4289952092817481,-0.29199846910265315
2024-10-04,0.8496453459748434,0.16327577353357015
2024-10-07,0.5386448598661273,-2.437439531642523
2024-10-08,0.4749813486465293,0.5950286171963297
2024-10-09,0.10795429331285021,1.1023169338401193
2024-10-10,-1.307370647094386,-0.07735876298801168
2024-10-11,0.4827548232533716,0.1675700779378621
2024-10-14,0.7803190429093306,0.41707680790789375
2024-10-15,-0.03140060644079483,-0.10685311174672309
2024-10-16,-1.4870478912124026,0.009915213091786175
2024-10-17,1.4316070776716432,0.44180317039853334
2024-10-18,-2.9144308187437185,0.7637254901364416
2024-10-21,-0.573285565451279,-0.6168146542711049
2024-10-22,-0.05851821496194681,-2.0732468648676194
2024-10-23,0.6507480701011498,-0.30819056681627244
2024-10-24,-0.3928775708221641,0.5976531875763628
2024-10-25,-0.08973419998090998,-1.197734584355942
2024-10-28,0.08073941278011569,0.7861639358571864
2024-10-29,-0.24301027026971728,3.1674077810818804
2024-10-30,-1.5171068422672522,-0.6041275313532296
2024-10-31,-1.5307377636196557,-0.19582396232504254
2024-11-01,0.07660392774279928,0.023649321600619576
2024-11-04,0.058924654934535296,0.6719627773034796
2024-11-05,-0.4064302794310997,1.5515706315938218
2024-11-06,2.6494982856856324,0.3581903012586617
2024-11-07,-0.7356758278075782,0.32450632056717704
2024-11-08,0.8930226974221984,-1.433116758636688
2024-11-11,1.0453635447786955,0.2619269166291744
2024-11-12,0.2723428565339089,-1.7227917142167744
2024-11-13,-0.06040470300980857,-1.1868765874292118
2024-11-14,-0.19367375244274848,-0.3205231598398773
2024-11-18,-2.130845506909906,0.7139808145767997
2024-11-19,0.3488260506965902,-0.9833192224460487
2024-11-21,0.2717652831104178,-1.8025611451654275
2024-11-22,2.4111521812439123,2.106344402027507
2024-11-25,-0.4484573122395735,1.5078195761058597
2024-11-26,1.145966212103324,-0.339232847153071
2024-11-27,-0.032771502642385056,-0.4321822287789592
2024-11-28,-2.5701407754523204,0.3184948873744936
2024-11-29,0.0042220825390469376,-0.05242044558343059
2024-12-02,0.6353536220279556,-0.280581961204019
2024-12-03,0.3765441913643166,1.4316224661926182
2024-12-04,-0.1477227253506677,0.37843344690375835
2024-12-05,1.6458339768519274,0.40213773693088933
2024-12-06,-0.48114256645503717,-0.20972748238387073
2024-12-09,0.0022613370976082617,-0.5291538434864618
2024-12-10,0.8690339816243123,0.7086808593521523
2024-12-11,0.8767020708217451,-0.5382506093512412
2024-12-12,0.4113445870694953,-0.6963270159887196
2024-12-13,0.40993022560749925,0.5598723043561534
2024-12-16,-0.757698435659455,-0.10937831152482871
2024-12-17,-0.1610719148799214,-0.9325681451470293
2024-12-18,0.04684203013450534,-1.01624082831325
2024-12-19,-1.2540452103264286,-0.44482261252080163
2024-12-20,-0.8168624138061791,-1.736492400937758
2024-12-23,0.03240740595843692,0.5366924801771468
2024-12-24,-0.5871245931018114,-0.7418121017187453
2024-12-26,-0.100968978693867,-0.021765739484234894
2024-12-27,0.30170807520236487,-1.15979710588645
2024-12-30,-0.45010661214073666,-0.9269498983177855
2024-12-31,-1.0179349319600042,0.45880700249560824
2025-01-01,0.047333315441185915,-0.20635213199459845
2025-01-02,2.6779122289759063,0.646512391416031
2025-01-03,-0.637860968298467,-0.7497458820253585
2025-01-06,-0.06850765780805357,-1.5115472731063144
2025-01-07,-0.29173646722983637,0.12175766951497258
2025-01-08,0.03992985631645942,-0.6960319257764667
2025-01-09,-0.6368038809773536,-0.9712891514524967
2025-01-10,1.7335338672134506,-1.4741086809758956
2025-01-13,-0.20571672009963018,-1.034271451160636
2025-01-14,-0.8337394018912511,1.32369721644727
2025-01-15,0.2879674510959582,0.36936264598582574
2025-01-16,-0.8090500280422803,1.029720072297046
2025-01-17,-4.081215718832893,-0.2474899312254638
2025-01-20,-0.05361638255288293,1.308954573336519
2025-01-21,-0.3344796360344258,-1.7720668212878787
2025-01-22,1.632899227421407,-0.414790798180884
2025-01-23,0.24167743289791754,-0.6607266312920479
2025-01-24,0.30879331819032463,-0.2030179753978398
2025-01-27,-2.052522258129507,0.4079781707640307
2025-01-28,0.18834719775119746,0.24030692066179044
2025-01-29,1.6573066164671069,0.5143613741773841
2025-01-30,-0.7517969461059502,0.3279212216472224
2025-01-31,0.6360080929643086,0.9039438758221278
2025-02-01,-1.0779937030020779,-0.6835416147533234
2025-02-03,0.3663200587955284,-0.5035919102096117
2025-02-04,1.2379622856987258,1.5683786041678218
2025-02-05,-0.10822150658473295,-1.1183406699989298
2025-02-06,0.6446530914913227,-1.11053806651438
2025-02-07,-0.49351330308337377,-1.1850762288735963
2025-02-10,-0.9112742338036016,-0.07350475843511459
2025-02-11,-0.20334003598052353,-0.5567763613285052
2025-02-12,-0.5080442747738727,0.13075392731732008
2025-02-13,-0.7886165063941607,-0.5931854253103638
2025-02-14,0.43499963540052566,-0.5819696940803354
2025-02-17,-0.5779626486365029,0.4665574672514132
2025-02-18,0.3184846577604118,-0.24561013748869465
2025-02-19,-1.642351148244714,0.08667370959799689
2025-02-20,0.4184352526134307,0.17627619423371288
2025-02-21,-0.40277560215725844,-0.833913883376542
2025-02-24,-1.9722617970863408,-0.5789898798402687
2025-02-25,0.07546620169923932,-0.5789906405563364
2025-02-27,-0.15691184386598084,-0.7298731377673245
2025-02-28,-3.0240426384105685,-1.4958767324209792
2025-03-03,0.4688460535315528,0.4718713909992116
2025-03-04,-0.6501677409587304,1.827448034472997
2025-03-05,0.754613355161212,1.0863021041477308
2025-03-06,0.12071145769198717,0.0874209920358408
2025-03-07,-1.2535473108431838,0.006369362711707865
2025-03-10,0.5216434530047416,-0.43709953413836095
2025-03-11,-1.6258990403568052,0.032133095823361366
2025-03-12,-2.4330825300332806,-0.7378974295549334
2025-03-13,-0.2917332807535185,0.39326639685484305
2025-03-17,0.2940492478124974,-0.5184738224498592
2025-03-18,-0.039006566955424544,-0.05891953187449577
2025-03-19,-0.18977071862308256,2.085676379230927
2025-03-20,1.2236789889499353,0.29676649348870954
2025-03-21,-1.0349093299517897,0.2664126986674594
2025-03-24,-0.03032932339732955,2.4732151665092346
2025-03-25,1.4807704919549571,-0.6085976179522739
2025-03-26,-1.2534694124024321,-0.7533174511918861
2025-03-27,0.11858827030527752,0.6258533707570044
2025-03-28,-1.4273609522075,-0.12876351159225566
2025-04-01,-1.6814625750908738,-0.04221731509805839
2025-04-02,0.7286267862438072,0.3345866952839848
2025-04-03,-2.1028584129497716,0.2392323452282084
2025-04-04,-1.3818430732709217,-1.1644149119767935
2025-04-07,-1.715613525170723,-1.7534381297827786
2025-04-08,0.8700036094614321,1.374840034801471
2025-04-09,-0.9190487849459011,-1.9114038968086642
2025-04-11,0.18765560328637196,0.6186092800695242
2025-04-15,0.6926497000374429,0.6408869464830508
2025-04-16,-0.6550435238177577,0.6177893222233288
2025-04-17,0.2623341095038126,2.142353844354576
2025-04-21,1.4962795712070447,1.286736790016381
2025-04-22,-1.3775448570168498,0.35390634757038725
2025-04-23,2.0869297542058423,-0.784524382227567
2025-04-24,-0.18038930828672856,-0.05842457892891319
2025-04-25,0.3497732633860221,-1.341077887031085
2025-04-28,0.04431854142745434,1.3177497195871752
2025-04-29,0.6924777327531239,-0.4067545743400839
2025-04-30,0.07718393733330345,-2.0251711647970474
2025-05-02,0.2808568362778522,0.4446816336580191
2025-05-05,0.03528101215724071,-0.5544551446214621
2025-05-06,0.09357816544146066,-1.3624339951891793
2025-05-07,-0.2004852885278529,0.09845902930194346
2025-05-08,0.1034894436179151,-0.6598581823014316
2025-05-09,-0.22925023870560254,0.8207272184531225
2025-05-12,5.469045450830482,1.8547065658198696
