Date,Winner,gofpval_student,gofpval_bb7,lam_emp,actual_returns,lam_student,lam_student_ci_lo,lam_student_ci_hi,lam_bb7,lam_bb7_ci_lo,lam_bb7_ci_hi,es_student,es_bb7
2015-06-04,student,0.989,0.992,0.16016016016016016,-5.8399159207483295,0.14,0.04004004004004004,0.2202202202202202,0.142,0.04004004004004004,0.2202202202202202,-11.058026809115308,-11.109106732119107
2015-06-18,student,0.994,0.994,0.16016016016016016,0.2504399450302549,0.13,0.04004004004004004,0.2202202202202202,0.132,0.04004004004004004,0.24024024024024024,-10.41126673250455,-10.470362185890247
2015-07-02,student,0.994,0.994,0.16016016016016016,1.1529609989820302,0.138,0.04004004004004004,0.2202202202202202,0.142,0.04004004004004004,0.24024024024024024,-10.05822320752709,-10.127060671532515
2015-07-16,student,0.995,0.996,0.16016016016016016,0.8586139096798502,0.118,0.04004004004004004,0.2202202202202202,0.118,0.04004004004004004,0.24024024024024024,-10.481200837346842,-10.555505735926538
2015-07-30,student,0.995,0.996,0.12012012012012012,1.0214667739176095,0.116,0.04004004004004004,0.2202202202202202,0.116,0.04004004004004004,0.24024024024024024,-9.963509768045823,-10.01699424521625
2015-08-13,student,0.992,0.993,0.12012012012012012,4.4361927074740795,0.12,0.04004004004004004,0.2202202202202202,0.136,0.04004004004004004,0.24024024024024024,-9.812074876167586,-9.849733541708163
2015-08-27,student,0.992,0.993,0.12012012012012012,-5.293556802061936,0.106,0.04004004004004004,0.2202202202202202,0.108,0.04004004004004004,0.2202202202202202,-10.973860662987835,-11.015355809800058
2015-09-10,student,0.977,0.974,0.12012012012012012,-4.725036119437636,0.118,0.04004004004004004,0.20070070070070023,0.17,0.06006006006006006,0.2602602602602602,-12.034103705091823,-12.283240685445067
2015-09-28,student,0.988,0.989,0.10010010010010009,3.718982543930175,0.114,0.04004004004004004,0.20020020020020018,0.158,0.06006006006006006,0.2602602602602602,-10.937303989407177,-11.278324581889388
2015-10-13,student,0.995,0.994,0.10010010010010009,0.6212519701990351,0.148,0.04004004004004004,0.2202202202202202,0.198,0.06006006006006006,0.2802802802802803,-9.942439430265567,-10.26181034407026
2015-10-28,student,0.995,0.994,0.08008008008008008,2.48634287170598,0.144,0.04004004004004004,0.20020020020020018,0.178,0.06006006006006006,0.2602602602602602,-9.188457571216135,-9.402816150786817
2015-11-13,student,0.996,0.995,0.08008008008008008,-2.698386153131015,0.1,0.02002002002002002,0.20020020020020018,0.128,0.06006006006006006,0.2602602602602602,-9.480245068986608,-9.711587539175532
2015-11-30,student,0.995,0.994,0.06006006006006006,1.128904583998845,0.116,0.02002002002002002,0.18068068068068022,0.176,0.06006006006006006,0.2602602602602602,-9.588443925178709,-9.971453974769672
2015-12-14,student,0.994,0.992,0.06006006006006006,-5.6395128993972845,0.108,0.02002002002002002,0.20020020020020018,0.186,0.06006006006006006,0.2602602602602602,-9.645578237725957,-10.04544708056223
2015-12-29,student,0.994,0.993,0.08008008008008008,2.1145474113413756,0.098,0.02002002002002002,0.20020020020020018,0.146,0.06006006006006006,0.2602602602602602,-9.160104280256574,-9.473269620148242
2016-01-12,student,0.997,0.994,0.08008008008008008,-9.287031738468185,0.094,0.02002002002002002,0.20020020020020018,0.16,0.06006006006006006,0.2602602602602602,-9.159749519860423,-9.66848092793976
2016-01-27,bb7,0.997,0.995,0.10010010010010009,0.1381805669679344,0.074,0.02002002002002002,0.20020020020020018,0.124,0.0795795795795796,0.2802802802802803,-9.258048439064552,-9.546387238225828
2016-02-10,student,0.997,0.996,0.10010010010010009,-8.743096948986675,0.106,0.02002002002002002,0.20020020020020018,0.174,0.06006006006006006,0.2802802802802803,-10.456100358435142,-10.849885565354448
2016-02-24,student,0.996,0.995,0.10010010010010009,-0.10429191442299812,0.1,0.02002002002002002,0.18018018018018017,0.166,0.06006006006006006,0.2802802802802803,-11.119435969239975,-11.393421556401947
2016-03-10,student,0.995,0.994,0.10010010010010009,7.9539112341699205,0.108,0.02002002002002002,0.18018018018018017,0.194,0.0795795795795796,0.2802802802802803,-11.228765221644563,-11.616556943806136
2016-03-28,student,0.994,0.994,0.08008008008008008,4.774189463328244,0.102,0.02002002002002002,0.18068068068068022,0.166,0.06006006006006006,0.2802802802802803,-11.753368193928797,-12.19506659232149
2016-04-11,bb7,0.994,0.992,0.08008008008008008,-0.8924269403461857,0.074,0.02002002002002002,0.18068068068068022,0.094,0.04004004004004004,0.24024024024024024,-10.272572450208452,-10.436603376312592
2016-04-28,bb7,0.995,0.99,0.08008008008008008,2.054432142305069,0.092,0.02002002002002002,0.20020020020020018,0.118,0.04004004004004004,0.24024024024024024,-9.937567463698574,-10.143258735787578
2016-05-12,bb7,0.996,0.995,0.10010010010010009,-0.8977549285986997,0.096,0.02002002002002002,0.18018018018018017,0.114,0.04004004004004004,0.2202202202202202,-10.151719338818257,-10.320741116164319
2016-05-26,student,0.995,0.995,0.10010010010010009,-0.17926164300733927,0.09,0.02002002002002002,0.20020020020020018,0.156,0.06006006006006006,0.2802802802802803,-9.518784214349854,-9.918446114702451
2016-06-09,student,0.994,0.992,0.08008008008008008,5.776319641267131,0.12,0.02002002002002002,0.18068068068068022,0.176,0.06006006006006006,0.2602602602602602,-10.224424764549237,-10.511082176664154
2016-06-23,student,0.994,0.989,0.08008008008008008,2.866831958499205,0.096,0.02002002002002002,0.18018018018018017,0.164,0.06006006006006006,0.2602602602602602,-10.261825236131036,-10.488936138651376
2016-07-08,student,0.997,0.994,0.08008008008008008,-2.0816665303587953,0.13,0.02002002002002002,0.18018018018018017,0.19,0.06006006006006006,0.2602602602602602,-9.219866577935067,-9.489632032099689
2016-07-22,student,0.994,0.989,0.08008008008008008,-2.669012677298445,0.094,0.02002002002002002,0.18018018018018017,0.146,0.06006006006006006,0.2602602602602602,-9.06819601058212,-9.281732004181336
2016-08-05,student,0.994,0.994,0.08008008008008008,1.8197836529822902,0.108,0.02002002002002002,0.18018018018018017,0.15,0.06006006006006006,0.2602602602602602,-9.606462749899343,-9.855436451946709
2016-08-22,student,0.998,0.995,0.08008008008008008,2.00290413289148,0.102,0.02002002002002002,0.18018018018018017,0.154,0.06006006006006006,0.2602602602602602,-8.951089838721977,-9.155553125152856
2016-09-06,student,0.994,0.993,0.08008008008008008,2.4636164123964157,0.108,0.02002002002002002,0.18018018018018017,0.158,0.06006006006006006,0.2602602602602602,-9.809078642316894,-10.074445080630271
2016-09-21,bb7,0.994,0.99,0.08008008008008008,-1.239076224474395,0.096,0.02002002002002002,0.18018018018018017,0.106,0.04004004004004004,0.20020020020020018,-8.964637759885463,-9.098714319267156
2016-10-05,student,0.998,0.995,0.08008008008008008,1.21529723859689,0.106,0.02002002002002002,0.18018018018018017,0.152,0.06006006006006006,0.2602602602602602,-8.729555120123484,-8.873106347109887
2016-10-21,student,0.994,0.993,0.08008008008008008,-0.07297317810293491,0.098,0.02002002002002002,0.18018018018018017,0.146,0.06006006006006006,0.2602602602602602,-9.10890805478728,-9.455738433316656
2016-11-07,bb7,0.993,0.986,0.08008008008008008,-4.128710228072385,0.096,0.02002002002002002,0.18018018018018017,0.104,0.04004004004004004,0.20020020020020018,-8.607625439123014,-8.733950141391896
2016-11-22,bb7,0.998,0.994,0.08008008008008008,-2.458754547327964,0.074,0.02002002002002002,0.18018018018018017,0.114,0.04004004004004004,0.2602602602602602,-9.10538115637625,-9.398819687091182
2016-12-06,bb7,0.993,0.99,0.08008008008008008,3.1204569606812,0.07,0.02002002002002002,0.18018018018018017,0.126,0.059559559559559584,0.2602602602602602,-10.948500607295868,-11.261251727837926
2016-12-20,bb7,0.992,0.989,0.10010010010010009,1.4216884958492946,0.106,0.02002002002002002,0.18018018018018017,0.148,0.06006006006006006,0.2602602602602602,-9.404190965442023,-9.70375730635446
2017-01-03,bb7,0.99,0.987,0.10010010010010009,-2.844646033368025,0.096,0.02002002002002002,0.18018018018018017,0.146,0.04004004004004004,0.2602602602602602,-8.879091090953773,-9.181928120970827
2017-01-17,bb7,0.998,0.994,0.10010010010010009,0.24357247008998534,0.076,0.02002002002002002,0.18018018018018017,0.12,0.06006006006006006,0.2602602602602602,-9.027240059862468,-9.348457760578757
2017-02-01,student,0.999,0.998,0.08008008008008008,0.7269220962787499,0.114,0.02002002002002002,0.18018018018018017,0.162,0.059559559559559584,0.2602602602602602,-8.581163455711616,-8.846068357471362
2017-02-15,bb7,1.0,0.999,0.08008008008008008,3.1033520140129855,0.078,0.02002002002002002,0.18018018018018017,0.13,0.06006006006006006,0.2602602602602602,-8.963644989224653,-9.208974249278372
2017-03-02,student,0.997,0.995,0.08008008008008008,1.7623165341620846,0.074,0.02002002002002002,0.18018018018018017,0.162,0.06006006006006006,0.2602602602602602,-8.8834836098656,-9.193168142330698
2017-03-17,student,1.0,0.999,0.08008008008008008,2.0890168037462105,0.1,0.02002002002002002,0.18018018018018017,0.158,0.06006006006006006,0.2602602602602602,-8.591872093440688,-8.8944887225572
2017-03-31,student,0.999,0.999,0.08008008008008008,2.5179207681683655,0.102,0.02002002002002002,0.18018018018018017,0.162,0.06006006006006006,0.2602602602602602,-8.57341843702841,-8.88908298887757
2017-04-18,student,0.999,0.998,0.08008008008008008,-5.656669213065064,0.094,0.02002002002002002,0.18018018018018017,0.148,0.06006006006006006,0.2602602602602602,-8.154504197598364,-8.364749336034922
2017-05-03,bb7,0.999,0.999,0.08008008008008008,0.5411853659046901,0.09,0.02002002002002002,0.18018018018018017,0.13,0.04004004004004004,0.2602602602602602,-8.187871393761649,-8.470318190811536
2017-05-17,bb7,0.999,0.999,0.10010010010010009,3.9689496411156298,0.074,0.02002002002002002,0.16016016016016016,0.116,0.04004004004004004,0.24024024024024024,-7.827772945962943,-8.013054346029387
2017-05-31,bb7,0.999,0.999,0.10010010010010009,-1.54126939436267,0.078,0.02002002002002002,0.18018018018018017,0.1,0.04004004004004004,0.20020020020020018,-7.820117385763234,-7.98620762809504
2017-06-14,student,0.994,0.99,0.10010010010010009,-0.9087831628055749,0.088,0.02002002002002002,0.18018018018018017,0.114,0.04004004004004004,0.20020020020020018,-8.474604294686358,-8.64664666737223
2017-06-29,student,0.99,0.988,0.06006006006006006,-3.614868526887595,0.078,0.02002002002002002,0.18018018018018017,0.11,0.04004004004004004,0.20020020020020018,-7.713884878806538,-7.845638713335391
2017-07-13,student,0.986,0.98,0.06006006006006006,5.362216150857285,0.078,0.02002002002002002,0.1606606606606602,0.106,0.04004004004004004,0.20020020020020018,-8.25406333248394,-8.421937024977396
2017-07-27,student,0.993,0.99,0.06006006006006006,1.3273134117361698,0.086,0.02002002002002002,0.18018018018018017,0.11,0.04004004004004004,0.20020020020020018,-7.556831972745122,-7.706551810066364
2017-08-10,student,0.99,0.99,0.06006006006006006,0.24517899617946526,0.094,0.02002002002002002,0.18018018018018017,0.13,0.04004004004004004,0.24024024024024024,-7.274842998282409,-7.452324858062317
2017-08-28,student,0.99,0.988,0.06006006006006006,-5.107005524533039,0.094,0.02002002002002002,0.18018018018018017,0.152,0.04004004004004004,0.24024024024024024,-8.500497244357826,-8.690243127347392
2017-09-11,student,0.988,0.985,0.06006006006006006,-4.951554000373795,0.088,0.02002002002002002,0.16016016016016016,0.11,0.04004004004004004,0.20020020020020018,-8.156314220385468,-8.298150532280516
2017-09-25,student,0.99,0.986,0.06006006006006006,-1.3650398312923804,0.08,0.02002002002002002,0.1606606606606602,0.1,0.02002002002002002,0.20020020020020018,-7.474339885161302,-7.623815601732094
2017-10-10,student,0.99,0.986,0.06006006006006006,1.8416098495109001,0.078,0.02002002002002002,0.18018018018018017,0.11,0.04004004004004004,0.20020020020020018,-7.809354476773776,-7.969392857021445
2017-10-25,student,0.99,0.986,0.06006006006006006,11.723786090610494,0.098,0.02002002002002002,0.18018018018018017,0.13,0.04004004004004004,0.20020020020020018,-7.649561622477711,-7.776954512209256
2017-11-08,student,0.993,0.988,0.06006006006006006,-0.8259862367196302,0.096,0.02002002002002002,0.18018018018018017,0.124,0.04004004004004004,0.20070070070070023,-20.990476578912915,-21.13962830105066
2017-11-22,student,0.993,0.989,0.06006006006006006,4.7250183676771105,0.082,0.02002002002002002,0.18018018018018017,0.104,0.04004004004004004,0.20020020020020018,-11.747669079471077,-11.885089568991978
2017-12-06,student,0.995,0.992,0.06006006006006006,-2.3103885145220246,0.096,0.02002002002002002,0.18018018018018017,0.12,0.04004004004004004,0.20070070070070023,-9.013131384998983,-9.177449553634577
2017-12-20,student,0.997,0.992,0.06006006006006006,2.08331812209742,0.086,0.02002002002002002,0.18018018018018017,0.1,0.04004004004004004,0.2202202202202202,-8.61371732210557,-8.75817833287165
2018-01-04,student,0.998,0.996,0.06006006006006006,-1.4599358304726104,0.1,0.02002002002002002,0.18018018018018017,0.12,0.04004004004004004,0.2202202202202202,-7.929269493737804,-8.053878057000228
2018-01-18,student,0.995,0.992,0.06006006006006006,5.483003119081395,0.1,0.02002002002002002,0.18018018018018017,0.122,0.04004004004004004,0.2202202202202202,-8.020733591911503,-8.177078170248768
2018-02-02,student,0.995,0.991,0.06006006006006006,-1.393987987523524,0.084,0.02002002002002002,0.18018018018018017,0.096,0.04004004004004004,0.2202202202202202,-8.402876699489266,-8.550816079760434
2018-02-19,student,0.997,0.993,0.06006006006006006,-5.608451778757041,0.088,0.02002002002002002,0.18018018018018017,0.106,0.04004004004004004,0.2202202202202202,-9.611600926112647,-9.775905505437642
2018-03-06,student,0.995,0.992,0.06006006006006006,-1.4178492755972503,0.106,0.02002002002002002,0.18018018018018017,0.136,0.04004004004004004,0.2202202202202202,-9.344024828677492,-9.476241488836909
2018-03-20,student,0.996,0.992,0.06006006006006006,-0.9034849795067501,0.09,0.02002002002002002,0.18018018018018017,0.132,0.04004004004004004,0.2202202202202202,-8.820222233277056,-8.932461773268813
2018-04-05,student,0.994,0.989,0.06006006006006006,1.2712883225242657,0.104,0.02002002002002002,0.18018018018018017,0.126,0.04004004004004004,0.2202202202202202,-8.494851426320926,-8.642390100747264
2018-04-19,student,0.998,0.995,0.06006006006006006,-3.2468815354604454,0.086,0.02002002002002002,0.18018018018018017,0.124,0.04004004004004004,0.2202202202202202,-9.366095154444675,-9.465388154235642
2018-05-04,student,0.998,0.992,0.06006006006006006,0.8851803838997199,0.094,0.02002002002002002,0.18018018018018017,0.114,0.04004004004004004,0.22072072072072024,-8.349118580658415,-8.472436107130406
2018-05-18,student,0.998,0.992,0.06006006006006006,-0.21611914280550493,0.116,0.02002002002002002,0.18018018018018017,0.144,0.04004004004004004,0.24024024024024024,-8.474857909282154,-8.608510255352943
2018-06-01,student,0.999,0.994,0.06006006006006006,7.0786137203457,0.082,0.02002002002002002,0.18018018018018017,0.102,0.04004004004004004,0.22072072072072024,-8.220929574094324,-8.318972011188645
2018-06-15,student,1.0,0.997,0.06006006006006006,5.20289972797011,0.114,0.02002002002002002,0.20020020020020018,0.15,0.04004004004004004,0.24024024024024024,-8.685949050155356,-8.803936542876292
2018-06-29,student,0.999,0.995,0.06006006006006006,-2.370568148663645,0.09,0.02002002002002002,0.18018018018018017,0.14,0.04004004004004004,0.24024024024024024,-8.778035400814547,-8.902851446829713
2018-07-13,student,0.999,0.994,0.06006006006006006,0.07922675245905986,0.11,0.02002002002002002,0.18018018018018017,0.14,0.04004004004004004,0.24024024024024024,-8.649614791543897,-8.827403351793825
2018-07-27,student,0.999,0.993,0.06006006006006006,7.41431396309504,0.092,0.02002002002002002,0.18018018018018017,0.128,0.04004004004004004,0.24074074074074028,-8.034441650458012,-8.173810970992468
2018-08-10,student,0.999,0.995,0.06006006006006006,3.4297694783306754,0.08,0.02002002002002002,0.18018018018018017,0.13,0.04004004004004004,0.24024024024024024,-8.336508591792278,-8.47366549309554
2018-08-28,student,0.999,0.993,0.06006006006006006,1.5443882264632909,0.108,0.02002002002002002,0.18018018018018017,0.142,0.04004004004004004,0.24024024024024024,-9.218757846345968,-9.389356415311115
2018-09-11,student,0.999,0.995,0.06006006006006006,-2.35388903906611,0.076,0.02002002002002002,0.20020020020020018,0.102,0.04004004004004004,0.24024024024024024,-8.152689786244828,-8.276255965833283
2018-09-27,student,0.999,0.993,0.06006006006006006,-3.800232968871745,0.096,0.02002002002002002,0.18018018018018017,0.128,0.04004004004004004,0.24024024024024024,-8.511234931838349,-8.649017358453419
2018-10-12,student,1.0,0.999,0.06006006006006006,-3.5808691283605096,0.118,0.02002002002002002,0.18018018018018017,0.156,0.04004004004004004,0.24024024024024024,-8.929439687749086,-9.059851503110123
2018-10-29,student,1.0,0.997,0.08008008008008008,-1.251030457057145,0.116,0.02002002002002002,0.20020020020020018,0.14,0.04004004004004004,0.24024024024024024,-11.267870828057745,-11.422075764166852
2018-11-13,student,0.998,0.993,0.10010010010010009,3.45816749188849,0.096,0.02002002002002002,0.20020020020020018,0.134,0.04004004004004004,0.24074074074074028,-10.636006042239604,-10.795575133675193
2018-11-28,student,1.0,0.999,0.08008008008008008,1.20796861104146,0.12,0.02002002002002002,0.20020020020020018,0.164,0.04004004004004004,0.24074074074074028,-8.96420169919963,-9.080489866827183
2018-12-12,student,0.999,0.998,0.10010010010010009,1.0225636511048148,0.09,0.02002002002002002,0.20020020020020018,0.114,0.04004004004004004,0.24024024024024024,-8.803452815322043,-8.91091149195111
2018-12-27,student,0.999,0.997,0.10010010010010009,-0.4301675894788395,0.12,0.02002002002002002,0.20020020020020018,0.156,0.04004004004004004,0.24024024024024024,-8.40166735928064,-8.526342498642396
2019-01-10,student,0.998,0.996,0.10010010010010009,3.9558864532885103,0.082,0.02002002002002002,0.20020020020020018,0.104,0.04004004004004004,0.24024024024024024,-8.408271724463463,-8.522089628473188
2019-01-24,student,1.0,0.998,0.10010010010010009,1.03159689239566,0.1,0.02002002002002002,0.20020020020020018,0.124,0.04004004004004004,0.24024024024024024,-8.193275603439863,-8.304212893730837
2019-02-07,student,1.0,1.0,0.10010010010010009,2.026404611035996,0.086,0.02002002002002002,0.18018018018018017,0.118,0.04004004004004004,0.24024024024024024,-7.927841979172514,-8.048705280102183
2019-02-22,student,1.0,1.0,0.08008008008008008,-4.885303337419059,0.098,0.02002002002002002,0.20020020020020018,0.128,0.04004004004004004,0.24024024024024024,-8.116287835227032,-8.21163045198705
2019-03-11,student,1.0,1.0,0.10010010010010009,1.299421969419215,0.106,0.02002002002002002,0.20020020020020018,0.124,0.04004004004004004,0.24024024024024024,-8.25013550440605,-8.350126094782434
2019-03-26,student,1.0,0.998,0.08008008008008008,3.8807124063664604,0.116,0.02002002002002002,0.20020020020020018,0.15,0.04004004004004004,0.24024024024024024,-7.895225705715172,-7.99624006460157
2019-04-10,student,1.0,0.998,0.08008008008008008,2.8899305616954143,0.096,0.02002002002002002,0.20020020020020018,0.116,0.04004004004004004,0.24024024024024024,-8.350673171864077,-8.435464325429678
2019-04-26,student,1.0,0.996,0.08008008008008008,-0.7294944690727654,0.084,0.02002002002002002,0.20020020020020018,0.1,0.04004004004004004,0.24024024024024024,-8.024667416505196,-8.102723850996046
2019-05-14,student,1.0,0.995,0.06006006006006006,-1.32072762292069,0.102,0.02002002002002002,0.20020020020020018,0.116,0.04004004004004004,0.2202202202202202,-7.947195686163284,-8.02780521262148
2019-05-28,student,1.0,0.997,0.06006006006006006,7.727378629109005,0.102,0.02002002002002002,0.20020020020020018,0.13,0.04004004004004004,0.2202202202202202,-7.904354584339885,-7.99624423324173
2019-06-12,student,0.999,0.994,0.06006006006006006,-0.5456131204152854,0.09,0.02002002002002002,0.18018018018018017,0.116,0.04004004004004004,0.2202202202202202,-8.559918228539411,-8.655923335094991
2019-06-26,student,0.999,0.994,0.06006006006006006,1.7389463974025297,0.118,0.02002002002002002,0.18018018018018017,0.154,0.04004004004004004,0.2202202202202202,-8.121124791173477,-8.23332707053327
2019-07-10,student,1.0,0.996,0.06006006006006006,-2.0617063878900153,0.092,0.02002002002002002,0.18018018018018017,0.128,0.04004004004004004,0.2202202202202202,-7.291674200832273,-7.390314949893242
2019-07-24,student,0.998,0.991,0.06006006006006006,2.491024719635534,0.076,0.02002002002002002,0.18018018018018017,0.096,0.04004004004004004,0.2202202202202202,-8.233115774023124,-8.317549706420122
2019-08-07,student,0.999,0.993,0.06006006006006006,-8.564475110054854,0.084,0.02002002002002002,0.18018018018018017,0.11,0.039539539539539564,0.2202202202202202,-8.283277201147678,-8.373137942647489
2019-08-23,student,0.999,0.998,0.08008008008008008,-1.6985726897127453,0.082,0.02002002002002002,0.18018018018018017,0.106,0.04004004004004004,0.2202202202202202,-10.23565237007716,-10.329353792366607
2019-09-09,student,0.999,0.993,0.08008008008008008,2.905798632998125,0.092,0.02002002002002002,0.18018018018018017,0.116,0.04004004004004004,0.2202202202202202,-9.07920858094969,-9.181652004869466
2019-09-24,student,0.999,0.992,0.10010010010010009,2.079820414943455,0.104,0.02002002002002002,0.18018018018018017,0.152,0.04004004004004004,0.2202202202202202,-8.50859809722861,-8.601025223257755
2019-10-10,student,1.0,1.0,0.06006006006006006,-9.421848941364317,0.07,0.02002002002002002,0.16016016016016016,0.08,0.02002002002002002,0.20020020020020018,-11.053323029066236,-11.091295511864582
2019-10-25,student,1.0,1.0,0.06006006006006006,-4.01765754107403,0.096,0.02002002002002002,0.16016016016016016,0.104,0.02002002002002002,0.18018018018018017,-10.39358011807803,-10.42048313783424
2019-11-08,student,0.999,0.997,0.06006006006006006,11.03062464672254,0.064,0.02002002002002002,0.16016016016016016,0.082,0.02002002002002002,0.18018018018018017,-10.745180911405994,-10.772500314884697
2019-11-25,student,0.999,0.999,0.06006006006006006,2.368642872837995,0.064,0.02002002002002002,0.18018018018018017,0.068,0.02002002002002002,0.18018018018018017,-8.887770731342753,-8.892415272034391
2019-12-09,student,1.0,1.0,0.06006006006006006,-1.6195800224186894,0.092,0.02002002002002002,0.18018018018018017,0.098,0.02002002002002002,0.18018018018018017,-8.204302721078331,-8.222568531890513
2019-12-23,student,1.0,1.0,0.08008008008008008,3.70947525478549,0.07,0.02002002002002002,0.16016016016016016,0.074,0.02002002002002002,0.18018018018018017,-9.089164568012446,-9.11028898448583
2020-01-07,student,0.986,0.986,0.06006006006006006,-2.7048519935487603,0.088,0.02002002002002002,0.18018018018018017,0.088,0.02002002002002002,0.18018018018018017,-8.168955370109614,-8.159515080154334
2020-01-21,student,0.993,0.993,0.06006006006006006,1.5783811076763594,0.094,0.02002002002002002,0.18018018018018017,0.094,0.02002002002002002,0.18018018018018017,-8.707655299290872,-8.69923985511117
2020-02-04,student,0.999,0.999,0.04004004004004004,0.4334825588254101,0.078,0.02002002002002002,0.16016016016016016,0.082,0.02002002002002002,0.16016016016016016,-7.658649502056757,-7.648774821786012
2020-02-18,student,0.993,0.996,0.04004004004004004,2.42980068632881,0.078,0.02002002002002002,0.16016016016016016,0.08,0.02002002002002002,0.16016016016016016,-9.874640188130996,-9.878883599522695
2020-03-04,student,0.997,0.999,0.04004004004004004,-7.854599726916829,0.086,0.02002002002002002,0.16016016016016016,0.086,0.02002002002002002,0.16016016016016016,-8.121979029426505,-8.099466530045985
2020-03-19,student,0.998,0.999,0.06006006006006006,-33.350807857206945,0.1,0.02002002002002002,0.18018018018018017,0.098,0.02002002002002002,0.18018018018018017,-10.427904119932384,-10.396222758859635
2020-04-03,student,0.993,0.993,0.10010010010010009,-3.887516902687935,0.082,0.02002002002002002,0.18018018018018017,0.11,0.04004004004004004,0.2202202202202202,-21.435101139191282,-21.645257686404527
2020-04-22,student,0.997,0.995,0.12012012012012012,8.20330632287497,0.094,0.02002002002002002,0.18018018018018017,0.12,0.04004004004004004,0.24024024024024024,-20.025437013714754,-20.39533164080827
2020-05-07,student,1.0,0.999,0.12012012012012012,-3.2300177120768403,0.112,0.02002002002002002,0.20020020020020018,0.15,0.04004004004004004,0.24024024024024024,-12.010376145729907,-12.185738445323892
2020-05-21,student,1.0,1.0,0.14014014014014015,-5.29025646875486,0.1,0.02002002002002002,0.20020020020020018,0.154,0.06006006006006006,0.2602602602602602,-12.347251072155991,-12.621174380323467
2020-06-05,student,1.0,1.0,0.14014014014014015,13.546473574258727,0.104,0.02002002002002002,0.20020020020020018,0.154,0.06006006006006006,0.2602602602602602,-12.520490560984793,-12.751824522360158
2020-06-19,bb7,1.0,1.0,0.14014014014014015,-0.744465405679215,0.084,0.02002002002002002,0.20020020020020018,0.126,0.06006006006006006,0.2602602602602602,-11.367754719168243,-11.607894443916926
2020-07-03,student,0.997,0.997,0.14014014014014015,3.948525056120249,0.102,0.02002002002002002,0.20020020020020018,0.17,0.06006006006006006,0.2802802802802803,-10.079386998377432,-10.275527136296088
2020-07-17,bb7,1.0,1.0,0.14014014014014015,9.389815470670321,0.09,0.02002002002002002,0.20020020020020018,0.14,0.06006006006006006,0.2802802802802803,-9.743349315804638,-10.125234881175874
2020-07-31,student,1.0,1.0,0.14014014014014015,4.219826090207755,0.092,0.02002002002002002,0.20020020020020018,0.146,0.06006006006006006,0.2802802802802803,-11.727937389739068,-12.11185859631619
2020-08-14,bb7,1.0,0.999,0.14014014014014015,0.6558099666841597,0.082,0.02002002002002002,0.18018018018018017,0.128,0.06006006006006006,0.2802802802802803,-9.394856822815138,-9.579199812457592
2020-08-28,student,0.999,1.0,0.14014014014014015,5.767036193478495,0.108,0.02002002002002002,0.18018018018018017,0.168,0.06006006006006006,0.2802802802802803,-8.844149712878728,-9.178794512416827
2020-09-11,bb7,0.999,0.999,0.14014014014014015,-4.629749558445325,0.086,0.02002002002002002,0.18018018018018017,0.156,0.06006006006006006,0.2802802802802803,-8.835660736316138,-9.121037610245615
2020-09-25,bb7,0.999,0.999,0.14014014014014015,-1.97035754740243,0.088,0.02002002002002002,0.18018018018018017,0.158,0.06006006006006006,0.2802802802802803,-10.186342783205589,-10.488726517826933
2020-10-12,bb7,1.0,1.0,0.16016016016016016,9.969018228172976,0.096,0.02002002002002002,0.18018018018018017,0.182,0.06006006006006006,0.28078078078078034,-11.12421839976558,-11.492775546626003
2020-10-26,bb7,0.999,0.999,0.16016016016016016,-0.84702602057364,0.066,0.02002002002002002,0.18018018018018017,0.14,0.0795795795795796,0.3003003003003003,-9.574878502728541,-10.040323636875343
2020-11-09,bb7,1.0,1.0,0.18018018018018017,6.555255181361232,0.08,0.02002002002002002,0.18068068068068022,0.198,0.0795795795795796,0.3003003003003003,-8.688942792460972,-8.98028240676854
2020-11-23,bb7,0.997,1.0,0.18018018018018017,4.337719099936136,0.104,0.02002002002002002,0.20020020020020018,0.172,0.08008008008008008,0.3003003003003003,-9.440281884717468,-9.789743445180429
2020-12-08,bb7,1.0,1.0,0.18018018018018017,7.100043830652265,0.106,0.02002002002002002,0.18018018018018017,0.196,0.08008008008008008,0.3003003003003003,-11.11313863568625,-11.535333619598832
2020-12-22,bb7,1.0,1.0,0.18018018018018017,0.09906159195680564,0.092,0.02002002002002002,0.18018018018018017,0.188,0.08008008008008008,0.3003003003003003,-8.922324022883448,-9.210114608018971
2021-01-06,bb7,0.998,0.997,0.18018018018018017,7.553887803739645,0.09,0.02002002002002002,0.18018018018018017,0.164,0.08008008008008008,0.3003003003003003,-10.71704391484716,-11.074663797657372
2021-01-20,bb7,1.0,1.0,0.18018018018018017,5.167080495472595,0.088,0.02002002002002002,0.18068068068068022,0.178,0.08008008008008008,0.3003003003003003,-8.235967261907227,-8.545931546777934
2021-02-04,bb7,1.0,1.0,0.18018018018018017,5.712300249603636,0.088,0.02002002002002002,0.18018018018018017,0.16,0.08008008008008008,0.3003003003003003,-9.27225181829232,-9.605357719596533
2021-02-18,bb7,0.992,0.993,0.18018018018018017,8.32742505180894,0.1,0.02002002002002002,0.18018018018018017,0.194,0.08008008008008008,0.3003003003003003,-14.667232854750251,-15.046982424696191
2021-03-04,bb7,1.0,1.0,0.18018018018018017,-0.9663937969388952,0.09,0.02002002002002002,0.18018018018018017,0.188,0.08008008008008008,0.3003003003003003,-10.072981667841225,-10.386980440788943
2021-03-19,bb7,0.994,0.994,0.18018018018018017,-2.66905116617148,0.094,0.02002002002002002,0.18018018018018017,0.172,0.08008008008008008,0.3203203203203203,-10.646634634503892,-11.111370765790172
2021-04-06,bb7,0.991,0.994,0.18018018018018017,-0.43768434268694517,0.094,0.02002002002002002,0.18018018018018017,0.198,0.08008008008008008,0.3203203203203203,-9.117815358586325,-9.514029988744737
2021-04-22,bb7,0.989,0.996,0.18018018018018017,-4.1937297422617945,0.102,0.02002002002002002,0.18018018018018017,0.202,0.08008008008008008,0.3203203203203203,-10.13488258909564,-10.600418511863085
2021-05-06,bb7,0.988,0.993,0.18018018018018017,3.1181789904048443,0.074,0.02002002002002002,0.18018018018018017,0.176,0.08008008008008008,0.3203203203203203,-10.347221859424618,-10.71129635380222
2021-05-21,bb7,0.931,0.986,0.18018018018018017,5.77830788540696,0.102,0.02002002002002002,0.20020020020020018,0.206,0.08008008008008008,0.3203203203203203,-8.723035315803696,-9.143303888303333
2021-06-04,bb7,0.994,0.996,0.18018018018018017,6.016135538943155,0.114,0.02002002002002002,0.20020020020020018,0.216,0.08008008008008008,0.3203203203203203,-9.590810844770203,-9.920647160819176
2021-06-18,bb7,0.994,0.997,0.18018018018018017,1.6288115069728601,0.102,0.02002002002002002,0.20020020020020018,0.204,0.08008008008008008,0.3203203203203203,-8.756018504577671,-9.146158246815418
2021-07-02,bb7,0.946,0.997,0.18018018018018017,3.474082659704565,0.094,0.02002002002002002,0.20020020020020018,0.172,0.08008008008008008,0.3203203203203203,-7.812939529157515,-8.135899914558326
2021-07-16,bb7,0.999,1.0,0.18018018018018017,0.2600129205656849,0.1,0.02002002002002002,0.20020020020020018,0.186,0.10010010010010009,0.3203203203203203,-7.681601122328328,-7.957307123261704
2021-08-02,bb7,1.0,1.0,0.18018018018018017,2.9548325608454644,0.098,0.02002002002002002,0.20020020020020018,0.21,0.08008008008008008,0.3203203203203203,-7.556489562665919,-7.80909800016144
2021-08-16,bb7,0.995,0.998,0.18018018018018017,1.0151315817543403,0.108,0.02002002002002002,0.20020020020020018,0.194,0.09959959959959962,0.32082082082082036,-8.797894593983782,-9.23792000040553
2021-08-31,bb7,0.997,0.999,0.18018018018018017,0.20112741986921479,0.102,0.02002002002002002,0.20020020020020018,0.21,0.10010010010010009,0.32082082082082036,-8.570085854437297,-8.941396108298767
2021-09-15,bb7,0.999,1.0,0.18018018018018017,2.1927827740420547,0.12,0.02002002002002002,0.20020020020020018,0.188,0.06006006006006006,0.2802802802802803,-7.660611390355176,-7.9467174738086035
2021-09-29,bb7,0.999,1.0,0.18018018018018017,1.2228971945617944,0.098,0.02002002002002002,0.20020020020020018,0.202,0.08008008008008008,0.3203203203203203,-7.227287609833602,-7.560197443171472
2021-10-13,bb7,0.902,0.977,0.18018018018018017,2.8030747605985047,0.07,0.02002002002002002,0.20020020020020018,0.168,0.09959959959959962,0.3203203203203203,-9.130600888709793,-9.523165554614621
2021-10-28,bb7,0.95,0.99,0.18018018018018017,2.2850291537526903,0.106,0.02002002002002002,0.18068068068068022,0.196,0.08008008008008008,0.3203203203203203,-8.442477184169197,-8.717978300402828
2021-11-12,bb7,0.995,0.997,0.20020020020020018,3.1777910221625802,0.09,0.02002002002002002,0.18018018018018017,0.182,0.08008008008008008,0.3203203203203203,-8.770228396959883,-9.15683592442987
2021-11-29,bb7,0.996,0.996,0.18018018018018017,-7.15243785839101,0.108,0.02002002002002002,0.18018018018018017,0.18,0.08008008008008008,0.3003003003003003,-8.06356107914669,-8.357968956117231
2021-12-13,bb7,0.99,0.991,0.18018018018018017,3.7864048489895596,0.112,0.02002002002002002,0.18018018018018017,0.208,0.06006006006006006,0.2802802802802803,-8.790202954145109,-9.056818168834482
2021-12-27,bb7,0.99,1.0,0.18018018018018017,0.21982236099037972,0.102,0.02002002002002002,0.20020020020020018,0.168,0.06006006006006006,0.2802802802802803,-8.371619895946543,-8.688779486382431
2022-01-10,bb7,0.997,1.0,0.18018018018018017,4.3308291737107645,0.11,0.02002002002002002,0.18018018018018017,0.18,0.06006006006006006,0.2802802802802803,-7.956729925743817,-8.308663380149632
2022-01-24,bb7,0.999,1.0,0.18018018018018017,-4.129448259894614,0.092,0.02002002002002002,0.20020020020020018,0.148,0.06006006006006006,0.2802802802802803,-8.196853498470245,-8.42762995459454
2022-02-08,bb7,0.999,1.0,0.18018018018018017,3.0645406982032557,0.088,0.02002002002002002,0.18068068068068022,0.166,0.06006006006006006,0.2802802802802803,-9.754155670474905,-10.098719316483086
2022-02-22,bb7,0.999,1.0,0.18018018018018017,-2.706930173215191,0.09,0.02002002002002002,0.18018018018018017,0.166,0.06006006006006006,0.2802802802802803,-8.99913148681301,-9.303919500112558
2022-03-09,student,0.999,1.0,0.18018018018018017,-2.692074702118815,0.078,0.02002002002002002,0.20020020020020018,0.126,0.06006006006006006,0.2802802802802803,-9.675222939014937,-10.033969637705672
2022-03-24,bb7,0.999,1.0,0.20020020020020018,5.755227009674045,0.1,0.02002002002002002,0.20020020020020018,0.208,0.10010010010010009,0.3203203203203203,-10.07011626867381,-10.507833493209953
2022-04-07,bb7,0.996,1.0,0.20020020020020018,0.7325105815705402,0.12,0.02002002002002002,0.20020020020020018,0.22,0.10010010010010009,0.3203203203203203,-9.000816901720496,-9.373910242200852
2022-04-25,bb7,0.999,1.0,0.20020020020020018,-9.425286163606692,0.096,0.02002002002002002,0.20020020020020018,0.194,0.08008008008008008,0.3203203203203203,-7.9014182693685715,-8.240423870934949
2022-05-10,bb7,0.971,1.0,0.20020020020020018,-2.2759425125236543,0.072,0.02002002002002002,0.18068068068068022,0.176,0.08008008008008008,0.3203203203203203,-10.867878423854595,-11.3206455328543
2022-05-24,bb7,0.997,1.0,0.20020020020020018,-5.14570256329591,0.116,0.02002002002002002,0.20020020020020018,0.17,0.06006006006006006,0.2802802802802803,-9.46799585889319,-9.837314523656023
2022-06-07,bb7,0.999,1.0,0.20020020020020018,3.6761240915632913,0.1,0.02002002002002002,0.20020020020020018,0.152,0.06006006006006006,0.2802802802802803,-10.898501079875107,-11.22213616363287
2022-06-21,bb7,0.994,1.0,0.20020020020020018,-3.3052472423766694,0.09,0.02002002002002002,0.18018018018018017,0.166,0.06006006006006006,0.2802802802802803,-9.03735622244977,-9.421448400050318
2022-07-05,bb7,0.999,1.0,0.2202202202202202,3.2095519348962895,0.12,0.02002002002002002,0.20020020020020018,0.19,0.06006006006006006,0.3003003003003003,-10.019814819911328,-10.344787708003858
2022-07-19,bb7,0.994,1.0,0.2202202202202202,2.937165396960425,0.104,0.02002002002002002,0.20020020020020018,0.186,0.06006006006006006,0.3003003003003003,-8.163126530251484,-8.458039104125298
2022-08-02,bb7,0.994,1.0,0.2202202202202202,6.21129596074757,0.108,0.02002002002002002,0.20020020020020018,0.172,0.0795795795795796,0.3003003003003003,-8.326990516462265,-8.638731778107257
2022-08-18,student,0.988,1.0,0.2202202202202202,0.3511765172519444,0.094,0.02002002002002002,0.20020020020020018,0.16,0.08008008008008008,0.3003003003003003,-8.533182787480339,-8.834658546461304
2022-09-02,student,0.992,1.0,0.2202202202202202,-3.8760818714402943,0.086,0.02002002002002002,0.20020020020020018,0.16,0.0795795795795796,0.3003003003003003,-8.140269481334268,-8.45229058114123
2022-09-16,bb7,0.998,1.0,0.2202202202202202,-0.3990118316430258,0.128,0.039539539539539564,0.20070070070070023,0.196,0.08008008008008008,0.3003003003003003,-9.533887219878343,-9.897751625559238
2022-09-30,bb7,0.994,1.0,0.2202202202202202,-1.5523743124953047,0.128,0.04004004004004004,0.2202202202202202,0.194,0.08008008008008008,0.30080080080080035,-11.843516693826297,-12.2402674117444
2022-10-17,bb7,0.987,0.997,0.2202202202202202,3.850307333280986,0.122,0.04004004004004004,0.2202202202202202,0.186,0.08008008008008008,0.3203203203203203,-9.0924725045988,-9.4503362300099
2022-11-01,student,0.994,0.999,0.2202202202202202,6.22374203618131,0.1,0.04004004004004004,0.2202202202202202,0.16,0.08008008008008008,0.3203203203203203,-9.081867964290165,-9.474561059315139
2022-11-16,bb7,0.992,0.996,0.20020020020020018,2.8805695318689897,0.122,0.04004004004004004,0.2202202202202202,0.2,0.08008008008008008,0.3203203203203203,-8.136247104335718,-8.440342769243411
2022-11-30,bb7,0.994,0.999,0.20020020020020018,1.2175956962885286,0.11,0.04004004004004004,0.2202202202202202,0.188,0.08008008008008008,0.3203203203203203,-8.40275999528234,-8.775384796877352
2022-12-14,bb7,0.992,0.998,0.20020020020020018,0.14897026726690488,0.11,0.04004004004004004,0.2202202202202202,0.184,0.08008008008008008,0.3203203203203203,-7.221495001485805,-7.519770372590041
2022-12-28,bb7,0.996,0.999,0.20020020020020018,-4.235460847379792,0.12,0.04004004004004004,0.2202202202202202,0.174,0.08008008008008008,0.3203203203203203,-7.90975045116805,-8.212578820109385
2023-01-11,bb7,0.999,0.999,0.20020020020020018,-1.6680121015173703,0.116,0.04004004004004004,0.2202202202202202,0.234,0.08008008008008008,0.32082082082082036,-8.843325330284163,-9.179740568860497
2023-01-25,bb7,0.999,1.0,0.20020020020020018,-0.022264841056909734,0.142,0.04004004004004004,0.2202202202202202,0.224,0.10010010010010009,0.34034034034034033,-8.64143385767381,-8.907567740631242
2023-02-09,bb7,0.996,0.997,0.20020020020020018,0.7431242200463605,0.136,0.04004004004004004,0.2202202202202202,0.218,0.10010010010010009,0.34034034034034033,-9.395929405958693,-9.847074143668502
2023-02-23,bb7,0.997,0.997,0.20020020020020018,-4.87438122394912,0.1,0.04004004004004004,0.2202202202202202,0.198,0.10010010010010009,0.34034034034034033,-9.942802579528518,-10.307482463659692
2023-03-10,bb7,0.995,0.998,0.20020020020020018,-0.15258343874762903,0.122,0.04004004004004004,0.2202202202202202,0.246,0.10010010010010009,0.34034034034034033,-8.85275183030392,-9.23755815870897
2023-03-24,bb7,0.996,0.998,0.20020020020020018,-7.17995319895459,0.114,0.04004004004004004,0.2202202202202202,0.178,0.10010010010010009,0.34034034034034033,-9.484969401043758,-9.779740452636215
2023-04-12,bb7,0.998,0.999,0.2202202202202202,3.90771394911872,0.142,0.04004004004004004,0.2202202202202202,0.256,0.10010010010010009,0.34034034034034033,-9.354278045940019,-9.685545207330964
2023-04-27,bb7,0.994,0.999,0.2202202202202202,-3.4718881183662202,0.108,0.04004004004004004,0.24024024024024024,0.21,0.10010010010010009,0.34034034034034033,-8.44960235587099,-8.727536146671683
2023-05-12,student,0.996,0.961,0.2202202202202202,1.130363641462805,0.106,0.04004004004004004,0.2202202202202202,0.17,0.10010010010010009,0.34034034034034033,-10.480798075248753,-10.851485341413543
2023-05-26,bb7,0.991,0.996,0.2202202202202202,3.49441203443502,0.102,0.04004004004004004,0.2202202202202202,0.192,0.10010010010010009,0.34034034034034033,-8.611079401670919,-9.104253871528757
2023-06-09,bb7,0.996,0.998,0.2202202202202202,-0.9906684282983202,0.142,0.04004004004004004,0.24024024024024024,0.246,0.10010010010010009,0.34034034034034033,-7.913038221692345,-8.243480255332363
2023-06-23,bb7,0.992,0.998,0.2202202202202202,-2.16438483971205,0.12,0.04004004004004004,0.24024024024024024,0.214,0.10010010010010009,0.34034034034034033,-8.019939863986796,-8.344564570335326
2023-07-10,bb7,0.991,0.999,0.2202202202202202,5.787004948847626,0.126,0.04004004004004004,0.24024024024024024,0.198,0.10010010010010009,0.34034034034034033,-7.667080409418328,-7.979472501879918
2023-07-24,bb7,0.999,0.973,0.2202202202202202,2.34958320401974,0.104,0.04004004004004004,0.24024024024024024,0.194,0.10010010010010009,0.34034034034034033,-7.453108408963525,-7.786656126132363
2023-08-07,bb7,1.0,0.991,0.2202202202202202,-2.1322875321480748,0.116,0.04004004004004004,0.2202202202202202,0.226,0.10010010010010009,0.34034034034034033,-13.44692772304369,-14.245760625252526
2023-08-22,bb7,0.999,0.981,0.20020020020020018,0.43716313427302544,0.142,0.04004004004004004,0.2202202202202202,0.224,0.10010010010010009,0.34034034034034033,-9.555310336331994,-9.969214639379334
2023-09-05,bb7,0.999,0.993,0.20020020020020018,3.0017922977022495,0.126,0.04004004004004004,0.2202202202202202,0.216,0.10010010010010009,0.34034034034034033,-8.710039336860376,-9.064604871720977
2023-09-20,bb7,0.998,0.993,0.20020020020020018,2.7760413568389346,0.116,0.04004004004004004,0.24024024024024024,0.21,0.10010010010010009,0.34034034034034033,-7.768555680624282,-8.22028438617974
2023-10-05,bb7,0.997,0.997,0.20020020020020018,-1.6574183034451848,0.12,0.04004004004004004,0.2202202202202202,0.19,0.10010010010010009,0.34034034034034033,-7.030336860324953,-7.378464993305768
2023-10-19,bb7,0.997,0.997,0.20020020020020018,-2.8296783395232947,0.12,0.04004004004004004,0.2202202202202202,0.23,0.10010010010010009,0.34034034034034033,-8.40979278752391,-8.757361121812915
2023-11-03,student,0.997,0.995,0.20020020020020018,-0.3324587154802092,0.156,0.04004004004004004,0.24024024024024024,0.258,0.10010010010010009,0.34034034034034033,-7.854701644046926,-8.253910826370033
2023-11-20,student,0.997,0.999,0.18018018018018017,0.4218297284460288,0.166,0.04004004004004004,0.24024024024024024,0.252,0.10010010010010009,0.36036036036036034,-7.627369028420343,-8.005565391622113
2023-12-05,bb7,0.997,0.999,0.2202202202202202,4.39899428772383,0.116,0.04004004004004004,0.24024024024024024,0.254,0.10010010010010009,0.36036036036036034,-7.919991021160454,-8.233535602281558
2023-12-19,bb7,0.997,0.999,0.20020020020020018,7.198565819192495,0.14,0.04004004004004004,0.24024024024024024,0.24,0.10010010010010009,0.34034034034034033,-7.597110616891478,-8.033215888165124
2024-01-03,student,0.995,0.999,0.20020020020020018,-3.161044855571385,0.13,0.04004004004004004,0.24024024024024024,0.258,0.10010010010010009,0.34034034034034033,-8.57456695682366,-9.000026374902514
2024-01-17,bb7,0.997,1.0,0.20020020020020018,3.4274097506041987,0.128,0.04004004004004004,0.24024024024024024,0.224,0.10010010010010009,0.3408408408408404,-8.769089207167788,-9.062111588839034
2024-02-02,bb7,0.994,0.999,0.18018018018018017,3.448696743243245,0.128,0.04004004004004004,0.24024024024024024,0.23,0.10010010010010009,0.3408408408408404,-9.44473290521383,-9.61399058430222
2024-02-16,student,0.997,1.0,0.18018018018018017,7.738807935122835,0.14,0.04004004004004004,0.24024024024024024,0.224,0.10010010010010009,0.34034034034034033,-7.872366296447798,-8.139912187797556
2024-03-01,bb7,0.955,1.0,0.20020020020020018,-0.4506532605404553,0.144,0.04004004004004004,0.24024024024024024,0.22,0.10010010010010009,0.34034034034034033,-9.578991024517563,-9.879183676181333
2024-03-18,student,0.987,1.0,0.14014014014014015,-4.14509862559489,0.124,0.04004004004004004,0.24024024024024024,0.2,0.10010010010010009,0.34034034034034033,-7.559094460396501,-7.764579291552336
2024-04-03,student,0.986,1.0,0.16016016016016016,-1.2884610534837249,0.134,0.04004004004004004,0.2202202202202202,0.196,0.08008008008008008,0.3203203203203203,-6.9564189468840665,-7.182814060887613
2024-04-19,student,0.983,1.0,0.14014014014014015,-3.75427663785559,0.134,0.04004004004004004,0.2202202202202202,0.194,0.08008008008008008,0.3203203203203203,-6.726817625218347,-6.952439359392455
2024-05-06,student,0.988,0.998,0.12012012012012012,4.198438073061619,0.112,0.04004004004004004,0.2202202202202202,0.19,0.08008008008008008,0.3003003003003003,-6.697090684415803,-6.809158443386161
2024-05-21,student,0.992,1.0,0.12012012012012012,1.6831679536814999,0.094,0.02002002002002002,0.20020020020020018,0.156,0.08008008008008008,0.3003003003003003,-7.531670429708183,-7.691665001722146
2024-06-04,student,0.988,1.0,0.10010010010010009,-3.7741503080381857,0.088,0.02002002002002002,0.20020020020020018,0.146,0.06006006006006006,0.3003003003003003,-6.897143567389814,-7.0681054510464
2024-06-19,student,0.983,0.996,0.10010010010010009,8.812324746530345,0.114,0.02002002002002002,0.20020020020020018,0.188,0.06006006006006006,0.3003003003003003,-13.473453612612632,-13.80463180941801
2024-07-03,student,0.996,0.999,0.12012012012012012,2.95161511196978,0.152,0.04004004004004004,0.2202202202202202,0.222,0.08008008008008008,0.3003003003003003,-7.005324107579945,-7.260965912536244
2024-07-18,student,0.994,1.0,0.10010010010010009,6.954073362791135,0.104,0.02002002002002002,0.2202202202202202,0.172,0.08008008008008008,0.3003003003003003,-7.543203340977037,-7.897998733132362
2024-08-01,student,0.995,1.0,0.10010010010010009,0.8595795451652051,0.126,0.02002002002002002,0.20020020020020018,0.212,0.08008008008008008,0.3003003003003003,-7.476167353483972,-7.717203334443612
2024-08-16,student,0.994,1.0,0.10010010010010009,-2.8481959841921283,0.11,0.02002002002002002,0.20020020020020018,0.172,0.0795795795795796,0.3003003003003003,-7.3528190061017735,-7.549117444169936
2024-08-30,student,0.991,1.0,0.12012012012012012,2.44410737744586,0.142,0.04004004004004004,0.2202202202202202,0.2,0.08008008008008008,0.3003003003003003,-8.015490612143509,-8.302209368776607
2024-09-13,student,0.991,1.0,0.12012012012012012,-1.53049765154126,0.118,0.04004004004004004,0.2202202202202202,0.178,0.08008008008008008,0.3203203203203203,-7.512501617903303,-7.797626597787301
2024-09-27,student,0.984,0.999,0.12012012012012012,-0.22941930196511529,0.082,0.04004004004004004,0.2202202202202202,0.162,0.08008008008008008,0.3203203203203203,-8.329462302952553,-8.55678445000967
2024-10-14,student,0.991,1.0,0.12012012012012012,1.5046350837729503,0.11,0.04004004004004004,0.2202202202202202,0.176,0.08008008008008008,0.3203203203203203,-7.634567217707144,-7.869179508108849
2024-10-28,student,0.996,1.0,0.10010010010010009,-3.266926662074294,0.106,0.04004004004004004,0.2202202202202202,0.154,0.08008008008008008,0.3003003003003003,-7.746096094950695,-7.9912534047429
2024-11-11,student,0.994,0.999,0.10010010010010009,3.8173323325745656,0.13,0.04004004004004004,0.2202202202202202,0.18,0.08008008008008008,0.3003003003003003,-7.833638666053666,-8.055955550627402
2024-11-27,student,0.997,1.0,0.10010010010010009,0.8960689060733547,0.094,0.039539539539539564,0.2202202202202202,0.166,0.06006006006006006,0.3003003003003003,-7.576556061387566,-7.736724984710272
2024-12-11,student,0.975,0.998,0.10010010010010009,2.8954797150755605,0.114,0.039539539539539564,0.2202202202202202,0.162,0.06006006006006006,0.2802802802802803,-7.98556328477036,-8.132790978220857
2024-12-26,student,0.936,0.985,0.10010010010010009,-4.6566760134825955,0.148,0.04004004004004004,0.2202202202202202,0.21,0.06006006006006006,0.2802802802802803,-7.776008849652082,-7.926146476328744
2025-01-09,student,0.88,0.964,0.10010010010010009,-3.048356107654275,0.11,0.04004004004004004,0.2202202202202202,0.164,0.06006006006006006,0.2802802802802803,-7.786987085144142,-7.9296674370618625
2025-01-23,student,0.929,0.96,0.10010010010010009,-2.3367280032270803,0.124,0.039539539539539564,0.2202202202202202,0.186,0.0795795795795796,0.3003003003003003,-8.216124689676311,-8.461707154802097
2025-02-05,student,0.96,0.988,0.10010010010010009,2.172683364674955,0.158,0.04004004004004004,0.2202202202202202,0.19,0.06006006006006006,0.2802802802802803,-8.229493476217854,-8.397574541724284
2025-02-19,student,0.992,0.995,0.10010010010010009,-4.921984178487536,0.114,0.04004004004004004,0.2202202202202202,0.14,0.06006006006006006,0.2802802802802803,-7.843224164155574,-7.914024160282066
2025-03-06,student,0.991,0.992,0.10010010010010009,-2.367522623437001,0.118,0.04004004004004004,0.2202202202202202,0.138,0.06006006006006006,0.2602602602602602,-8.311372504385725,-8.356465178970474
2025-03-21,student,0.991,0.992,0.10010010010010009,-2.304499607323126,0.116,0.04004004004004004,0.2202202202202202,0.152,0.06006006006006006,0.2802802802802803,-7.725088068413163,-7.843195258937171
2025-04-07,student,0.992,0.995,0.10010010010010009,-6.979395090328595,0.12,0.04004004004004004,0.2202202202202202,0.154,0.06006006006006006,0.2602602602602602,-8.041746937152261,-8.162643772209213
2025-04-24,student,0.998,0.998,0.12012012012012012,6.867894863430099,0.13,0.04004004004004004,0.2202202202202202,0.192,0.06006006006006006,0.2802802802802803,-9.269872186126577,-9.421131633698746
2025-05-09,student,0.998,0.999,0.12012012012012012,-0.9293203410033605,0.122,0.04004004004004004,0.2202202202202202,0.17,0.06006006006006006,0.2602602602602602,-7.915149291617415,-8.021399165052694
2025-05-23,student,0.986,0.991,0.12012012012012012,3.572669980097065,0.088,0.04004004004004004,0.2202202202202202,0.126,0.06006006006006006,0.2802802802802803,-7.793804875806644,-7.915314768273897
