Date,HINDUNILVR.NS,INFY.NS,SBIN.NS,TATAMOTORS.NS
2021-04-26,0.963506229833784,0.7331243165682598,0.9147530732898473,0.5946862082649722
2021-04-27,0.8018752376229388,0.5982697087010733,0.9344528427483423,0.8721236285412204
2021-04-28,0.847310886865991,0.6601631286841863,0.9532367740558256,0.8002924339362818
2021-04-29,0.532172565354575,0.47084628130463757,0.20989203382974814,0.17918917061505157
2021-04-30,0.036325045586748886,0.4080247889043322,0.12021045957192658,0.059467783178614425
2021-05-03,0.9605868276537526,0.40034818989040616,0.2552151393080536,0.4166222962760664
2021-05-04,0.5215934529092248,0.07782591824416542,0.5487078715279871,0.20298257491530508
2021-05-05,0.28134691864561867,0.729006839746251,0.8079548790477473,0.6604704367116302
2021-05-06,0.4062798494129476,0.8629888257433206,0.4730369549541512,0.9610891615667179
2021-05-07,0.8021785641649013,0.2576784723570861,0.7267894493776208,0.6039587690810075
2021-05-10,0.813095089517412,0.19842057580452543,0.7821798189655073,0.9760450677699942
2021-05-11,0.11939214758197023,0.2618852475815148,0.7405985697704391,0.5343701679486984
2021-05-12,0.015183410395281928,0.3710014623915821,0.7473187476103836,0.954973914048723
2021-05-14,0.9416915455011476,0.2232901818823707,0.06351280258701833,0.023481278974507993
2021-05-17,0.513806341328018,0.7689659625463112,0.9971545385247778,0.8777444325553405
2021-05-18,0.4624836733352117,0.7234299851120942,0.42692982434735305,0.9313846071436812
2021-05-19,0.2598963698720399,0.38280837847651417,0.6225630045528459,0.018323406294718965
2021-05-20,0.2393987572150455,0.524329981236491,0.4732584869406026,0.19199977835412935
2021-05-21,0.7684642086032395,0.8138306255009412,0.9932974056908576,0.7620188555826559
2021-05-24,0.15233093780354615,0.3010956820569233,0.9175143533079229,0.4092212786069603
2021-05-25,0.6198915052449007,0.7800353109646804,0.48550042597738163,0.7113894555614714
2021-05-26,0.6758733376856202,0.9686931566513277,0.5610913336927771,0.5018345477156635
2021-05-27,0.13029246949048956,0.5808433047623979,0.96793115834,0.7203751900023806
2021-05-28,0.39139623911296695,0.5325972701016015,0.2687783747301299,0.49315962286578974
2021-05-31,0.7847655411101224,0.5574312459055067,0.643161649525966,0.4801084703439453
2021-06-01,0.7908398649468963,0.3016377983551279,0.9152517797083835,0.4201582754050921
2021-06-02,0.5186613546837224,0.2631235240657571,0.7906722190990214,0.8324098849585583
2021-06-03,0.5835812148414499,0.724463570730004,0.8546933172438883,0.7079980203034005
2021-06-04,0.1773064198868925,0.36112656881822114,0.13405693875217645,0.952435410158303
2021-06-07,0.4299052214028525,0.5657745147376246,0.3673502701699508,0.9551193829592329
2021-06-08,0.8071046502183858,0.9020038283098013,0.16308604412990052,0.875335973601549
2021-06-09,0.44950799594047364,0.5203400261123722,0.14613561138383394,0.06241957264952358
2021-06-10,0.8344816873827315,0.6805497059723247,0.9434462140956636,0.5771883257196642
2021-06-11,0.27995022210345943,0.8898945510501951,0.2986761901400631,0.8243385921478134
2021-06-14,0.753933888410342,0.782304089511272,0.5211130222255992,0.8021487349231337
2021-06-15,0.8758089279300789,0.7331086717188319,0.38962960619692316,0.2442494236305127
2021-06-16,0.776707834176071,0.6217308264960089,0.21384732136398976,0.2335163922823792
2021-06-17,0.6882678467737599,0.7799004151220761,0.1355764221614526,0.21072274681996717
2021-06-18,0.9846757741696845,0.64850693673497,0.10172707574344116,0.06960903866121566
2021-06-21,0.8953850447290319,0.39017332862719395,0.847113041703509,0.26234106293760284
2021-06-22,0.17020295579200903,0.7217657195345618,0.38074359638097816,0.7405015201022113
2021-06-23,0.30963226068481414,0.27180468446475714,0.4753496792829952,0.27291268136768276
2021-06-24,0.6640498589716064,0.9891686253870858,0.3279743334485453,0.4315646851435667
2021-06-25,0.06156666493691041,0.7362227850213426,0.9687322336280035,0.8158153312674981
2021-06-28,0.680624328813262,0.4123787225722084,0.3290233986178652,0.7291178346984858
2021-06-29,0.8960702442421457,0.28250147997065306,0.15833060713501113,0.371625562494602
2021-06-30,0.19179795376093137,0.8065448415521661,0.3036063536977493,0.31054939975830553
2021-07-01,0.6109511495394976,0.131181826604439,0.5627505877597481,0.8090603048396985
2021-07-02,0.6692393728440783,0.6175074841390075,0.777836729092858,0.532465919419401
2021-07-05,0.7075825246187479,0.6964349871833507,0.9190496270201229,0.579638131622869
2021-07-06,0.13272149018045554,0.17464493755422908,0.2679361961214082,0.0007391063140849461
2021-07-07,0.6534770255656408,0.5160865335598164,0.7039448124155824,0.5027007751288726
2021-07-08,0.08396951410629876,0.376899119057011,0.06756164771371902,0.1156955965262062
2021-07-09,0.5549742213516944,0.5118364615590287,0.41497300463761844,0.4893079656494811
2021-07-12,0.35398824107282223,0.19104076910094217,0.7429495878201937,0.5536443532332538
2021-07-13,0.34335795638412736,0.3997580461989756,0.5994535549199606,0.7067718409541843
2021-07-14,0.15589680449750534,0.9361661645033652,0.6265220885984691,0.3831262044557324
2021-07-15,0.43105378103082226,0.5467452557461456,0.5149013340468226,0.5369034758383495
2021-07-16,0.6002861745773145,0.08912326601010324,0.3254849263944257,0.5633031173275183
2021-07-19,0.32026786053333567,0.22805132886874738,0.30014778614760373,0.2725862279297068
2021-07-20,0.8715269464611911,0.6371996577208402,0.09301408683048033,0.08163921377912427
2021-07-22,0.022537804341308254,0.9644607231662726,0.551352759896487,0.5159902586849565
2021-07-23,0.1546579265715228,0.4679370741641059,0.8762138148316544,0.07763885807256359
2021-07-26,0.2951389524036916,0.7347648328011787,0.14646520149842668,0.2868443341523303
2021-07-27,0.3563700600156604,0.43198220890498285,0.8522042826300448,0.32796739438616396
2021-07-28,0.814914754019377,0.5308771363796505,0.19400898408377137,0.07349316242380664
2021-07-29,0.11234106089234094,0.7048053286667076,0.9847547991467988,0.9313311657172489
2021-07-30,0.44782762737616966,0.32227893357251675,0.09473903205391418,0.5665388811691844
2021-08-02,0.48580050438438804,0.8458773741511662,0.6543771101043153,0.7239620503788248
2021-08-03,0.9793134515149191,0.8666012296255808,0.9487886215163013,0.9056486033945476
2021-08-04,0.33117229270102644,0.33958001623331646,0.9202607846100707,0.11634343212736757
2021-08-05,0.17435415372075178,0.5552441437727816,0.0249437823435387,0.6121922245409434
2021-08-06,0.7426266696183725,0.38941123959473856,0.2142733786639276,0.5116013246042955
2021-08-09,0.7455925253866688,0.7283725679010197,0.33786242943750155,0.29760801857626396
2021-08-10,0.4475458329089216,0.7398056430974863,0.11953488200004751,0.16697087228516638
2021-08-11,0.6714920744355034,0.4680247546303301,0.5811768340844257,0.5956920856863852
2021-08-12,0.5436310707161701,0.7073294157586782,0.38955972795603766,0.9724289461469434
2021-08-13,0.7331114961112063,0.8527093509419982,0.7753923375837205,0.5830674690472217
2021-08-16,0.843236171046627,0.3083027673943092,0.11269407586233846,0.19828243145159294
2021-08-17,0.982321971008362,0.9454545570288048,0.24911481489046325,0.10062360566010864
2021-08-18,0.5782268599383316,0.3104004276570498,0.32980363068602014,0.1696199582669645
2021-08-20,0.9993651879013125,0.4529669869246169,0.0183598062990407,0.03582620182205881
2021-08-23,0.753234865697303,0.5813719983324751,0.634334657554676,0.13146207354216274
2021-08-24,0.4874442524805801,0.17738834769376924,0.8899391610829501,0.6973229189192682
2021-08-25,0.6766924176795424,0.7324248519534009,0.36575027604602506,0.8022094835395653
2021-08-26,0.7839333819653251,0.31142848892381947,0.1405167780505781,0.4738224518512867
2021-08-27,0.6799452471243785,0.16865942987512367,0.5994400347399679,0.6124263809656706
2021-08-30,0.6528888629157193,0.27157352971795945,0.9528436647344605,0.8973065237720148
2021-08-31,0.8854225573987144,0.6297804238370971,0.7061250418326552,0.13790996372250794
2021-09-01,0.6487773969688405,0.08129379791642377,0.7549615078266834,0.9327182838572985
2021-09-02,0.9722926322545086,0.6677548478436581,0.44494367253843503,0.29889025375137884
2021-09-03,0.1403246454462563,0.6832918890787087,0.6024043184491757,0.6929480650545548
2021-09-06,0.6815985467498779,0.9040883416072594,0.42655064514251634,0.6540379349213
2021-09-07,0.4597285893818438,0.12316310812503306,0.3084986528908617,0.22132416242400976
2021-09-08,0.7899633144087559,0.24348822470394543,0.6501798655162764,0.5413274505665865
2021-09-09,0.6527990847573296,0.4318610858241163,0.5419438451234521,0.7925322887596417
2021-09-13,0.19427574243689083,0.46900346116394653,0.5057361008444153,0.6915686061281019
2021-09-14,0.18925147702448014,0.3439026868254924,0.46937472690362203,0.847412041606837
2021-09-15,0.680145358847974,0.8770673176560185,0.9601508976424015,0.8814456057511143
2021-09-16,0.38686154126206707,0.286182929477216,0.9907523193064064,0.4515994452240061
2021-09-17,0.0657431937997249,0.25909424457149316,0.12325779537356665,0.21331242017768381
2021-09-20,0.9823135794061558,0.39230909108325496,0.03055229838579963,0.034665085035654394
2021-09-21,0.7005269974172995,0.9144131050872826,0.537618278510866,0.7074847862278597
2021-09-22,0.17026869406865938,0.43061163551929105,0.46761672694960843,0.918977115528461
2021-09-23,0.4501957503903362,0.8747591888871196,0.9452318875627399,0.961617394835576
2021-09-24,0.1123552192605621,0.8241208283447268,0.08591099432850773,0.2337146909288001
2021-09-27,0.09797693481214859,0.036073839828007645,0.7992138383209968,0.9754853709816224
2021-09-28,0.6945593174344701,0.09930981787918843,0.3486346325031068,0.32205040766169385
2021-09-29,0.09566624468553592,0.5512664640823925,0.981073002703966,0.5518639849662408
2021-09-30,0.7223739895202662,0.20570451450628097,0.15421243481795446,0.7153162374733871
2021-10-01,0.5436375165694356,0.28534844477982146,0.3795943064703956,0.4763636566175644
2021-10-04,0.2355727795271108,0.7208128982252796,0.9502975999787825,0.9346259430726386
2021-10-05,0.7951868893731845,0.7330076774667151,0.5703319560527796,0.7044898331703653
2021-10-06,0.1968460688895567,0.15775274348847707,0.1033882597881776,0.057400362553030805
2021-10-07,0.2358169943308511,0.7745370728087274,0.5115959429985683,0.9996861067080776
2021-10-08,0.12921199338931014,0.9216599516945161,0.4660687388061564,0.7138937006624373
2021-10-11,0.5705278244959576,0.06797141317741405,0.9550165937548215,0.9890425335251487
2021-10-12,0.8695925575950015,0.36755970014003864,0.9605243995926622,0.6597321862158568
2021-10-13,0.13715524922274283,0.8458890067035193,0.38766412739896244,0.9998403018743286
2021-10-14,0.5320748401203613,0.5918818366635047,0.8966791628494197,0.33166823077244784
2021-10-18,0.577978139853603,0.9973468814225103,0.8471575138421905,0.729817016670401
2021-10-19,0.0047071333168339944,0.855203970590795,0.07562464646620837,0.0680756065569962
2021-10-20,0.020602251646475802,0.19266988567511947,0.9183667422079413,0.615787234626183
2021-10-21,0.10290872105989521,0.034694794820606896,0.6470649358329855,0.9043270242102278
2021-10-22,0.6216765538289009,0.11811059135818058,0.45889459674158095,0.1066148252302893
2021-10-25,0.5333207693871111,0.2928519905474496,0.7069641557810536,0.18179732012723596
2021-10-26,0.42755576691106223,0.6591949604558863,0.8271147220498609,0.9733889013946327
2021-10-27,0.0723347555559608,0.8582852476315558,0.8363386775334527,0.18130909202497342
2021-10-28,0.35157273592268323,0.11453690372961893,0.01250000945452578,0.08058423402004344
2021-10-29,0.5581720043419783,0.0642132828495154,0.5069737690366195,0.5843601789520936
2021-11-01,0.726760114508781,0.8796768277955049,0.9401149214137484,0.5674391827596261
2021-11-02,0.7028998989909053,0.42540347512137083,0.7781872725476626,0.5811356216448224
2021-11-03,0.3644768957253187,0.555014635218049,0.7986433355744186,0.33422479073477324
2021-11-04,0.6920760050881117,0.5899173646753221,0.6441895718245352,0.7246930490108285
2021-11-08,0.6646432225340505,0.9014178702412494,0.12745270971689335,0.9119917587699944
2021-11-09,0.4892682538812225,0.5623431585622541,0.7938885227116973,0.8235481270136447
2021-11-10,0.10348346116742542,0.41380043782977827,0.21112833776724704,0.5372983422266335
2021-11-11,0.1435072060319421,0.32559392915887375,0.028603882207922107,0.15160777634871367
2021-11-12,0.8687935216223232,0.9722593423017012,0.5571122157285704,0.6712118443823182
2021-11-15,0.8106972274271997,0.5909183286972932,0.2219203436830558,0.3894368202717601
2021-11-16,0.21192162038453677,0.5630738528957209,0.05872470138540518,0.942202495848788
2021-11-17,0.2252011302845979,0.366856558313041,0.6359296185155645,0.8918933806967118
2021-11-18,0.6451462737702349,0.3087834153569482,0.7954687720253638,0.023325075894650053
2021-11-22,0.29653877905401593,0.1597212846086309,0.013286021272726435,0.030118355960849677
2021-11-23,0.602967396339351,0.14575488429993136,0.7556052331274553,0.7772709268165515
2021-11-24,0.18856611303251844,0.048927185257892906,0.4697414314100191,0.23518797901267469
2021-11-25,0.12054315402979923,0.822550202380084,0.30415815585138994,0.6558405793038607
2021-11-26,0.22937295817412115,0.09580366050997947,0.005553907731220829,0.007034264655284256
2021-11-29,0.36833230932409194,0.548109349777187,0.2737015617790738,0.5310703417534305
2021-11-30,0.26230635256074586,0.7503491881463964,0.2508149618862229,0.3855272318444421
2021-12-01,0.8807821845096748,0.5079957067135621,0.9648800542450798,0.9248300645030786
2021-12-02,0.9432004143671109,0.9265578207800833,0.5694188563448016,0.6425543651021479
2021-12-03,0.05963038831471284,0.24246504373608987,0.23753957879216722,0.5298667277674968
2021-12-06,0.05917623385463524,0.04289261476600414,0.10187825254828177,0.07164996695502476
2021-12-07,0.7486119896558473,0.7174330528088394,0.9306780225204699,0.9256115786344142
2021-12-08,0.8139533477722336,0.9444396851562596,0.9618087595501212,0.8868615121581456
2021-12-09,0.49239635714104224,0.6432566191324665,0.3151603350046767,0.4854962521497517
2021-12-10,0.3518086779610514,0.3820629059753211,0.8139297954250702,0.5074917534726923
2021-12-13,0.09874524021084574,0.21682948419397308,0.13292712258783154,0.5287838667021396
2021-12-14,0.741444227228944,0.6097942845337668,0.5125044363162298,0.18780742983600127
2021-12-15,0.5634874170992608,0.18295980556696856,0.2348757003974521,0.6047654746534371
2021-12-16,0.2692047972591472,0.9358144285793357,0.23999859248284708,0.4965367201292653
2021-12-17,0.006676267317844711,0.9680903616223097,0.02829000427155801,0.012098902275620525
2021-12-20,0.9315305309035354,0.1687795508422939,0.025580194006172393,0.028655014015329463
2021-12-21,0.5974609132249623,0.6802652422574614,0.3450427077774033,0.7159682784326287
2021-12-22,0.5977325519248867,0.6967991915548181,0.8844551404914891,0.9233062377008631
2021-12-23,0.8414586697618691,0.910923229755488,0.8042787644218075,0.5602635141837005
2021-12-24,0.43507771118237204,0.5714207079685101,0.19494891632470196,0.27096971326849123
2021-12-27,0.587176592131767,0.5130016021926826,0.543667050002183,0.6565542817297466
2021-12-28,0.6542157485822897,0.8204733278800349,0.6989950287454073,0.8491709536536072
2021-12-29,0.4548063711043404,0.4153122493095418,0.11102715149408725,0.2606291121806311
2021-12-30,0.8100188502902724,0.6004875262720888,0.29458240040601463,0.19915324968522152
2021-12-31,0.9267297367971281,0.36568350242598185,0.9093078463224353,0.9219880014307634
2022-01-03,0.5435024370983433,0.6605239516337831,0.9288834392694171,0.9500575840542902
2022-01-04,0.9432373190381386,0.47499897703824945,0.9497912408122542,0.1524042508863616
2022-01-05,0.7653703215899548,0.020818195801876525,0.8717934025763147,0.49082527806270737
2022-01-06,0.14208018318216364,0.18288008429282046,0.4163457569369735,0.4324235192983258
2022-01-07,0.8437372418971545,0.4142658593415362,0.4261995307583444,0.5772533723109486
2022-01-10,0.3313103495309872,0.9135226800533685,0.9583925974903459,0.9399902115496872
2022-01-11,0.42115814871623264,0.5492144622378236,0.6100977971804401,0.3486278332035042
2022-01-12,0.6789924608781903,0.8132467160875938,0.7429616794411351,0.7755169047787623
2022-01-13,0.5258687264581521,0.7826319132101234,0.5387948068835987,0.7289302726329369
2022-01-14,0.030151257696250933,0.9023955017977385,0.27251747353411454,0.36119499018379425
2022-01-17,0.8523713587803887,0.64047003047278,0.8110285703347561,0.9565199915021603
2022-01-18,0.1836814977610593,0.19262393870309696,0.12364317220213987,0.05556691664786667
2022-01-19,0.018593658866998226,0.02706506981194204,0.8798265580680358,0.8408126817872601
2022-01-20,0.03185596471303317,0.08408597497845918,0.2297222935021292,0.24659134338479197
2022-01-21,0.9835142444357734,0.1065922948486497,0.09910599736159983,0.06397320935627704
2022-01-24,0.06671700102413668,0.05825814302093993,0.11971334567930589,0.021879589954368336
2022-01-25,0.9386030790600324,0.28500994840793564,0.9829989676795718,0.8330488070135875
2022-01-27,0.10777754633448852,0.05598099077919463,0.9190139921131542,0.6349931023960381
2022-01-28,0.27098023173118685,0.5836161106394212,0.22965024343013463,0.6091276682274173
2022-01-31,0.3077917976707005,0.9646120310196017,0.9528276185594093,0.9685677565896698
2022-02-01,0.8944661038446061,0.9095075629908136,0.20430708338825032,0.08767403831269893
2022-02-02,0.8315613726988205,0.7178858243928602,0.8316428310789932,0.5734057197868293
2022-02-03,0.11438974891485007,0.028966905886107425,0.47868466694312783,0.3943064681201658
2022-02-04,0.639237991079705,0.507846255077158,0.07812878911138188,0.28784440836307085
2022-02-07,0.0392258895705545,0.13074827316228185,0.6332245420625617,0.19745421885727205
2022-02-08,0.6001127409470076,0.507201510170506,0.3474204788865157,0.3812141965482425
2022-02-09,0.7323258199402132,0.8009862874720594,0.7136429310099356,0.8462629280417773
2022-02-10,0.6122973596195774,0.9129892129200508,0.7869223223008809,0.781030803638565
2022-02-11,0.13616930693077514,0.02866373345658908,0.06084797337628665,0.11931325637103639
2022-02-14,0.09819725467276669,0.085554291887696,0.0035781101260217445,0.007896376253501192
2022-02-15,0.9811576352407794,0.9577345213720801,0.931130883278834,0.9813100672727305
2022-02-16,0.46527557028871025,0.3882894481454936,0.22582345064769355,0.3138750085472763
2022-02-17,0.8127464251276832,0.3167980017931927,0.3082779451605756,0.5416541262411614
2022-02-18,0.6042207559062738,0.191631761560776,0.6054449400199031,0.22360899706334464
2022-02-21,0.210258461458544,0.8423244505073624,0.26394259637830936,0.5420144912172462
2022-02-22,0.13656943761929496,0.5347648487285691,0.033317155175435625,0.04793919670964684
2022-02-23,0.3016701061653919,0.6326083039001518,0.48243819716837644,0.4327682053665599
2022-02-24,0.005988051731044509,0.009621562299048028,0.0022468871080887835,0.001003393319836583
2022-02-25,0.4327539123450594,0.6781425880586233,0.7949904464989085,0.9372415122322542
2022-02-28,0.52564160929624,0.7713768073403182,0.481129160273439,0.35584350703626005
2022-03-02,0.1556926413342036,0.2549805056201089,0.10671659160300831,0.30874276676919854
2022-03-03,0.022578898361705506,0.7753842054564201,0.16364490596908157,0.1851835088838387
2022-03-04,0.011824936394206807,0.5117624359771071,0.19402984351603933,0.05440967515603865
2022-03-07,0.010242433237076878,0.7687667952737877,0.004741674186846745,0.0404778146921627
2022-03-08,0.5530997690700847,0.9472779549731032,0.4733834109964714,0.4166241693651008
2022-03-09,0.9597740130401803,0.9213726500443551,0.9097179583776001,0.8889033691130592
2022-03-10,0.996718763132202,0.6854950458061065,0.972570082097717,0.892593117271604
2022-03-11,0.4292597175452648,0.3879734511624052,0.5617394517306196,0.42296403874092936
2022-03-14,0.11103471061186639,0.9901920445421346,0.9678750505349277,0.19646160054984893
2022-03-15,0.1997750852618849,0.038085647126130634,0.5070727701597423,0.5874990776861329
2022-03-16,0.8709941662093734,0.9258419816833754,0.8421936253435085,0.9156107941387785
2022-03-17,0.8508714530200555,0.10583310673430094,0.9004687345514171,0.8626031509948656
2022-03-21,0.056906077505012004,0.4447709582303614,0.05785332025695546,0.18802649972823973
2022-03-22,0.037086528263575586,0.8980816836730918,0.6404674320136592,0.9344801616582417
2022-03-23,0.2482724153640476,0.23490294015507246,0.2854356283507058,0.2349624211890505
2022-03-24,0.28872488302209476,0.7057998580289304,0.24947854832334168,0.3275243050255761
2022-03-25,0.2835446621546361,0.28747784908163054,0.7102455919209772,0.4124734598922214
2022-03-28,0.8003147869538523,0.4134097419549215,0.8472486167667236,0.5182324035631876
2022-03-29,0.6985681858861161,0.6833423178230391,0.30345171417321165,0.5444149742355865
2022-03-30,0.8517596964272175,0.7691810272241425,0.40830012243015734,0.6081611339851151
2022-03-31,0.8797660571497198,0.5165099520084746,0.4029124883489872,0.34627247553714147
2022-04-01,0.8546483089614269,0.3994349504395782,0.9755481070671881,0.862354083424232
2022-04-04,0.9458578028744538,0.16475384392053713,0.7068756425073003,0.7949799593195205
2022-04-05,0.6890187664695514,0.16564685308885857,0.28711416132037354,0.9346816134623741
2022-04-06,0.540824384160258,0.09030234647685749,0.7553168509043912,0.3627918788316803
2022-04-07,0.795800508077916,0.21981328665976518,0.5308000955003958,0.14602038254433017
2022-04-08,0.7580248500106901,0.5284671324437836,0.5430724919645293,0.6327862079053135
2022-04-11,0.22489470290126715,0.03097021824309607,0.3752846240310064,0.4795536028592762
2022-04-12,0.1293993708271263,0.19056125112089206,0.32488800711780397,0.035933251381548965
2022-04-13,0.7646682554117725,0.5671523772607879,0.7781852275899567,0.16198434060000372
2022-04-18,0.8266617047511565,0.0010164623965180865,0.09877829422191477,0.6322570762565646
2022-04-19,0.030184984843599057,0.1278077836955071,0.607841140792744,0.10547716622039015
2022-04-20,0.9427259685924291,0.7126861134128627,0.30813158344282965,0.9598554392329447
2022-04-21,0.8714340496820534,0.8197199170598815,0.8454115160769844,0.8075105421377436
2022-04-22,0.026627459555821433,0.09895221783539421,0.020456868247964676,0.1106273645098714
2022-04-25,0.15709149847027865,0.16213585993437327,0.2344032209292564,0.054491094228445065
2022-04-26,0.9292623268117689,0.783053358598254,0.8979426165338995,0.852375412132403
2022-04-27,0.47067909001858366,0.09085813151982505,0.12663715470795087,0.2505679902429008
2022-04-28,0.9908952581178161,0.8880607828610915,0.8942101161063843,0.7708688696973474
2022-04-29,0.44120793282284665,0.21332549769203862,0.07049960450190047,0.5694849864194886
2022-05-02,0.4323622645884343,0.0953161178189079,0.22592963388264936,0.2111638267712896
2022-05-04,0.049196445283635794,0.36249408387776855,0.06570403759556083,0.0869836853739268
2022-05-05,0.39819639721636624,0.9785357427292737,0.485821438398259,0.6442243796486106
2022-05-06,0.2574274614641179,0.03882563280075088,0.7199951619387884,0.020033343099082203
2022-05-09,0.13326994452111954,0.840629021504909,0.09710345508250963,0.2702247594672276
2022-05-10,0.9615461724375673,0.20176595281966417,0.4172167962219223,0.07212034329495248
2022-05-11,0.2890849968799356,0.10457840515709368,0.5617129878282152,0.3025827174108391
2022-05-12,0.1929358962687131,0.19342308863590657,0.020865823962478984,0.03466997897542469
2022-05-13,0.9429525115311042,0.37721167350114226,0.02936576014313466,0.9938330035018912
2022-05-16,0.793270320001784,0.19452313997125492,0.8380466055711966,0.5277278163674881
2022-05-17,0.8189822155070713,0.9164818776727152,0.9145839275058938,0.9495394961108388
2022-05-18,0.9127919601291155,0.2760069444744724,0.10871978440273583,0.16493091894382161
2022-05-19,0.20073776149240255,0.002806728914858166,0.08631794307247843,0.05179453383292477
2022-05-20,0.9487936939507494,0.766144804708507,0.950961071114206,0.9529591312969788
2022-05-23,0.9314357395583988,0.6650405816384835,0.3841329221081137,0.6297050737769669
2022-05-24,0.04276402147827388,0.10711022970222192,0.5449200648792148,0.6847943140881328
2022-05-25,0.3255403308751923,0.08571913555964386,0.3947555315557537,0.1297581508521001
2022-05-26,0.26032694620637914,0.7077760501884671,0.9812714007921747,0.6752330387185272
2022-05-27,0.915794316743656,0.9521756019919495,0.4663558579837196,0.8656562146637561
2022-05-30,0.7356027381061792,0.9924989677100845,0.8155474516457318,0.9358491090787401
2022-05-31,0.5650448823912093,0.3361345747844583,0.13325235680425013,0.5442208039180508
2022-06-01,0.09681814972145411,0.10303276323587054,0.47481996677136273,0.542107857998268
2022-06-02,0.20529117827394938,0.8991637493381102,0.5800418164650243,0.18730350734030257
2022-06-03,0.5897278775547203,0.7312136836588301,0.1587622586628075,0.13118762322182306
2022-06-06,0.3389714849649832,0.6448114861321469,0.40282405326560244,0.5090283527755319
2022-06-07,0.03359511472303633,0.09859288856224498,0.4341295100885395,0.6962214295844277
2022-06-08,0.2706328706809198,0.33011455951836144,0.8972866735635422,0.4664886649780773
2022-06-09,0.5025690651321768,0.766799800174642,0.2065878563179427,0.11937900141819807
2022-06-10,0.5329968675000791,0.033435580260635527,0.1817930147237123,0.4527982920325222
2022-06-13,0.4535055041873215,0.02736298298809211,0.01516911059342467,0.008965568616168988
2022-06-14,0.1817115167803731,0.6988294646791942,0.5856178740941232,0.4203869423827574
2022-06-15,0.39827782481909135,0.1953124004848428,0.6739031927660094,0.8361797767399908
2022-06-16,0.49900427386907054,0.10913606249785507,0.06237346994854428,0.018621588286864815
2022-06-17,0.10344394884204905,0.280432717249444,0.42643985795511363,0.3217160738351534
2022-06-20,0.9873328924221705,0.9043074297001847,0.13502027989455703,0.20934092810528507
2022-06-21,0.6658343119107764,0.9546738918220369,0.9799232385947638,0.9445697093167811
2022-06-22,0.47044725520244857,0.22344974737851542,0.3025376764873513,0.25864050605449745
2022-06-23,0.9301446985791393,0.7754940192686458,0.7185038186617355,0.9456328094682374
2022-06-24,0.9345111775889572,0.23050805169195085,0.6756104455255594,0.5948050124151983
2022-06-27,0.7303171800248905,0.9492698800061198,0.8698376447881527,0.7611136766860754
2022-06-28,0.4628722823172232,0.5870747672642629,0.685741315756135,0.6380767781936049
2022-06-29,0.019937620578444958,0.1608594409269838,0.166961838307507,0.47115537957592324
2022-06-30,0.41954603762016596,0.43379738051095834,0.8481265451250946,0.1816408871573867
2022-07-01,0.9305466368760187,0.8183581377464106,0.5321835718370804,0.5398212682562696
2022-07-04,0.9856842314981947,0.6600194016881126,0.8523521064601817,0.20821415627144554
2022-07-05,0.8018699865622589,0.2182867276677536,0.3682263248991938,0.7154157125140642
2022-07-06,0.9822638826960872,0.7879258298155941,0.8878421169807142,0.7575817993572411
2022-07-07,0.25387728816928273,0.6255475864039763,0.8449459720547383,0.97182175337413
2022-07-08,0.7426587745115387,0.792212370009371,0.5912226996094156,0.9127457805276021
2022-07-11,0.43090374312198365,0.025308608182796313,0.4311484395562304,0.2296778984672977
2022-07-12,0.13191854979540252,0.07875614329122789,0.251029224063262,0.15716072740894035
2022-07-13,0.8842654001159285,0.5720749427162467,0.5771631501706099,0.2757395320491766
2022-07-14,0.5183225825768693,0.20183550746500772,0.10956588248953847,0.5397719089834452
2022-07-15,0.9497940895963243,0.49872558314851034,0.44362817388188636,0.9455880849037313
2022-07-18,0.3468564046924467,0.9931310137781423,0.9445671931161016,0.9121354653934306
2022-07-19,0.6594751776353998,0.3534607811707577,0.8486289846116136,0.37145563886458344
2022-07-20,0.8321581671309235,0.9253190966467363,0.9218407375154403,0.7335643999357877
2022-07-21,0.5481443817546471,0.796843620335757,0.6773166855249518,0.5643774241622865
2022-07-22,0.8130836881232963,0.08120780415001287,0.5760346759569726,0.48223240863888195
2022-07-25,0.3118020018340526,0.4121364156184564,0.7367293697683465,0.1802931750166622
2022-07-26,0.03974665594044287,0.014923708787195192,0.2457701239261662,0.10054812522245658
2022-07-27,0.8135753990795287,0.7518478460869502,0.9641716770480456,0.6519682212879913
2022-07-28,0.8421593057966026,0.9619773288471202,0.7047720403566929,0.36652599956468906
2022-07-29,0.7031956374375402,0.9064476287109172,0.23998122820697113,0.8436088165924873
2022-08-01,0.1215437583427212,0.49147951004691337,0.7840384069246884,0.9970392097106988
2022-08-02,0.8523087049125091,0.30844153965585663,0.8713941830605348,0.3563935949726156
2022-08-03,0.404027096506045,0.8643505066914163,0.3832496130253067,0.15471611929626883
2022-08-04,0.5160319701897544,0.9403001654668949,0.12140253189069022,0.537766296338175
2022-08-05,0.6995010120592916,0.7769729431077512,0.3392731677220723,0.289177510537266
2022-08-08,0.567776518797195,0.5217431501928497,0.06727586892391292,0.6463687908474463
2022-08-10,0.40326155852046286,0.17609285590922377,0.20913758653427353,0.8172418955754306
2022-08-11,0.1930835492928682,0.7886323391255876,0.8941035151093607,0.5422898328866659
2022-08-12,0.2615768354253284,0.09306372813309927,0.7915021984535889,0.532321771413388
2022-08-16,0.9040049312021494,0.5121274080832505,0.2129287668858854,0.938126891565616
2022-08-17,0.8666296579717765,0.6645809806791697,0.60634729910462,0.23759508565050788
2022-08-18,0.48134338280254463,0.10833500953859786,0.7336672180652974,0.44615309387226687
2022-08-19,0.09593168958112384,0.729629916932699,0.04596428256284994,0.04340349887687146
2022-08-22,0.37527294532487815,0.13077308921141537,0.1314707058786505,0.04238766214521997
2022-08-23,0.15365450969666047,0.06307565015638272,0.8865620857578203,0.7334233410994455
2022-08-24,0.4223423818408536,0.37996750825308034,0.32518051982252705,0.6148206099292888
2022-08-25,0.30919480763279744,0.1606448324895749,0.5348384483923125,0.2749125191191786
2022-08-26,0.4552830339368438,0.536464109310519,0.6901447711008692,0.77262847505316
2022-08-29,0.5577874223347391,0.009426925729770969,0.0847548012382288,0.06690059815201288
2022-08-30,0.9791219011366714,0.8396809797130658,0.9659027065687429,0.9642760205954525
2022-09-01,0.07985629069876178,0.11360834324522485,0.5779273905491209,0.28269882774778304
2022-09-02,0.44380237273927003,0.2803995761412188,0.6713937240322678,0.22927194041395177
2022-09-05,0.45628875564065785,0.6355755425432463,0.6078327280369374,0.3318258355665087
2022-09-06,0.19145973322508364,0.32719950688703203,0.3858721578291098,0.4090793916219949
2022-09-07,0.36653907613028214,0.5241333707182632,0.19543824536886514,0.058171107698769646
2022-09-08,0.6643858666012165,0.8340213350721476,0.9347034213608714,0.28847380381712684
2022-09-09,0.660756037733007,0.9592857523780358,0.8561591126011221,0.6884668479953906
2022-09-12,0.38257947619863475,0.8794291733952233,0.5577307643389404,0.7593864400868601
2022-09-13,0.5847442436360335,0.6510886684996339,0.6583148550947712,0.7875482520315492
2022-09-14,0.2884240664416138,0.005186851723223355,0.9558396165620833,0.1499990437892908
2022-09-15,0.329841973592745,0.09582830262267822,0.4839722895025792,0.30325444919548267
2022-09-16,0.13762866007550903,0.042715774668046484,0.08163164928207878,0.03285667994217115
2022-09-19,0.9322369511708378,0.6489299221844534,0.8750457360768722,0.17563355237102884
2022-09-20,0.5852532421438376,0.437915461195724,0.5658954522907452,0.8473955961160579
2022-09-21,0.8895510061181274,0.2501608900228753,0.23781989539881493,0.17196360402094002
2022-09-22,0.9679562709581883,0.2681228881211122,0.3264074255863551,0.7293551868733144
2022-09-23,0.37703664886479865,0.40314946120074757,0.021053436865191174,0.09760203113795483
2022-09-26,0.22690060186483144,0.7945055715529288,0.2070071203641794,0.007625498442810554
2022-09-27,0.7283256105246233,0.7676433420156507,0.19119065735909535,0.541409389170839
2022-09-28,0.7777916798720069,0.4913056209039719,0.0756652522579368,0.5018410680111175
2022-09-29,0.4863966005180298,0.5641176054833327,0.32056343644561447,0.6429385856150762
2022-09-30,0.4371131820016211,0.7968368548037817,0.8682016586066463,0.612768171592852
2022-10-03,0.027588926931626515,0.11210698247617522,0.07311047817021293,0.14457156891625975
2022-10-04,0.900332336173238,0.9550642656630327,0.9214510161053009,0.9077772930508975
2022-10-06,0.0642145162342833,0.8925111274170122,0.7112886884242686,0.7979044099737614
2022-10-07,0.2787792273514086,0.3740935001130272,0.1477654642660769,0.3584944746895772
2022-10-10,0.5794438611127599,0.7192292215829269,0.4955245284530717,0.02228793097774589
2022-10-11,0.05452926710724705,0.02773589490265711,0.26839644974390475,0.3524907948187094
2022-10-12,0.8856919836760763,0.5599693293376152,0.8250481939174429,0.6629613568012779
2022-10-13,0.20309768211120913,0.28743351882800006,0.0463040246993862,0.6298646405669598
2022-10-14,0.6259890736015846,0.9868071584929786,0.7522275122741969,0.3021001750669753
2022-10-17,0.7064590207686489,0.7530094446897951,0.9678293556511608,0.4711178387456666
2022-10-18,0.6728338312341808,0.7416046908805799,0.9670025121329886,0.8905620522683921
2022-10-19,0.23870427929525292,0.15008980106920822,0.15487344362252908,0.17607944303804368
2022-10-20,0.735131700895276,0.7693391297331721,0.5719917240151862,0.41598890644762077
2022-10-21,0.9437682159520662,0.45337408434207627,0.7674609599214192,0.47647046731863496
2022-10-24,0.021547448588053447,0.8136733521724674,0.8899931330293464,0.7252175928801109
2022-10-25,0.029973498990569218,0.6536188206923305,0.8425434155059236,0.6880333456659518
2022-10-27,0.6644242096735731,0.7649690335953031,0.5274485639093428,0.7015653753085259
2022-10-28,0.5840807582362845,0.2410282166230442,0.10439351594748641,0.6357557663353829
2022-10-31,0.8155967794772802,0.8876899858467869,0.6335173231292655,0.6818249668129909
2022-11-01,0.7483770867092128,0.9493552923277868,0.6487242994659177,0.906973385773497
2022-11-02,0.1324505689752829,0.1496772538003336,0.29099490371239056,0.5320800394152327
2022-11-03,0.8216742719485918,0.12737928670000329,0.9168839007572783,0.14650653360987728
2022-11-04,0.18858835124987428,0.1966512886377564,0.8570963896846018,0.9028793185708683
2022-11-07,0.6710859267000087,0.3328296599264875,0.9793249144792584,0.9054928257507797
2022-11-09,0.19447883973829647,0.547973232640779,0.5319144820551491,0.3634592129423008
2022-11-10,0.5638803717505902,0.266282934430878,0.11345227713710271,0.010445504504510742
2022-11-11,0.33192941618303373,0.9976488998021196,0.2690070786019681,0.8636410300530809
2022-11-14,0.06652455640491257,0.7240568941035993,0.13012252897403664,0.8504682505602942
2022-11-15,0.470772527885605,0.63743537080716,0.8303775852152901,0.6514824998745845
2022-11-16,0.7799514885456106,0.6480230404553008,0.40029298023116666,0.2061939021945342
2022-11-17,0.2396735115656527,0.19399144593605763,0.4165466171934611,0.12202171020870912
2022-11-18,0.8085512775328119,0.5916097179576731,0.6788405096900882,0.5201864356781696
2022-11-21,0.7618961920472292,0.09188251339786985,0.22722888947323588,0.31732224387090646
2022-11-22,0.7218292039906432,0.7679568397952741,0.5201162231820889,0.7023205218498451
2022-11-23,0.3632525142447225,0.42266262878033867,0.8577734055240226,0.43727350052577046
2022-11-24,0.9199375423768079,0.9767918167378479,0.5613307714290962,0.4354629362990867
2022-11-25,0.3264589595809717,0.5786593709499038,0.3499006847387103,0.9209201721698987
2022-11-28,0.293706827569021,0.2372923681546928,0.5329387405573957,0.48225753573992747
2022-11-29,0.9959772026987881,0.5825943071718824,0.4531542807509624,0.47266123793525194
2022-11-30,0.9369723862093491,0.5900143835261503,0.18003502910289715,0.8160845654332057
2022-12-01,0.24045701259234975,0.8548865796140551,0.7637520236306319,0.4008744425557771
2022-12-02,0.07420670956504984,0.1539337528454254,0.4256650115585283,0.2869291002212402
2022-12-05,0.548044448702854,0.5022002890752943,0.8840365144367104,0.12973790434270865
2022-12-06,0.8582104513415076,0.08760868904019316,0.13621849174086387,0.37231337379345564
2022-12-07,0.9369392680476653,0.32888603950896983,0.3666122600663697,0.12338011463904644
2022-12-08,0.49471804090205196,0.7434071389173952,0.7168111311405437,0.29560871541318245
2022-12-09,0.715766164691671,0.018237264815788794,0.7328598834751567,0.23303988427166286
2022-12-12,0.4321877129316745,0.19798663698965063,0.28221037484202227,0.5365545734567209
2022-12-13,0.3925799538719923,0.832792139063064,0.6737916150911023,0.7562053324852948
2022-12-14,0.19049691446493489,0.6052350476368059,0.8557716134761655,0.43689792446112713
2022-12-15,0.212726435155304,0.038748278639812776,0.1109398228027809,0.3926076323649964
2022-12-16,0.6096653986035132,0.20652706709349827,0.08038467640770669,0.785191431922967
2022-12-19,0.9227662512073881,0.22251512744451526,0.518256222552238,0.23484668406436177
2022-12-20,0.09158010806255089,0.4644747960754527,0.4595709268482877,0.10310902118630276
2022-12-21,0.3512908588977137,0.514402241852705,0.07728187866086633,0.10573148304249311
2022-12-22,0.21743928872898322,0.7333692316986946,0.4624362262284857,0.10753875686182275
2022-12-23,0.18855489397123007,0.08390870856911085,0.016804868350585086,0.0267519893633087
2022-12-26,0.42736221445156514,0.5760960127292096,0.9593722134137004,0.777110340551071
2022-12-27,0.18802394470070127,0.7247829988406519,0.6581063673656357,0.866601104152493
2022-12-28,0.33101576708284075,0.3557587292268295,0.42024521782443985,0.32065541845538115
2022-12-29,0.2576171391969066,0.6334202126743601,0.8933341808711135,0.1904572420018286
2022-12-30,0.37168727901812454,0.26157181251532147,0.5684351653420607,0.6115214813224944
2023-01-02,0.4488489193411642,0.7884997830103602,0.3751321946898815,0.840102587071161
2023-01-03,0.24390572235961946,0.4279476807670701,0.4690156262200029,0.4189026708913536
2023-01-04,0.3843327997177527,0.06659337438946024,0.1497522475429406,0.08543683609629668
2023-01-05,0.9437810653131887,0.16334081270746934,0.4535411325668389,0.566808959834006
2023-01-06,0.3975739824401201,0.09367565040723419,0.23838468320129624,0.18527081010000324
2023-01-09,0.9407151551057072,0.9337517417519573,0.8180604641994762,0.8688073853118721
2023-01-10,0.7875632661301328,0.2120893065372844,0.0610270095108781,0.9946007551989291
2023-01-11,0.05304175193465645,0.4979509725343809,0.5427376871313655,0.7368382404138978
2023-01-12,0.41745545476898327,0.6730406565536702,0.36482367699291396,0.1932765644947173
2023-01-13,0.8795599465738978,0.8820682866039442,0.7534963266255137,0.4409446166804095
2023-01-16,0.1650936651334943,0.8638575194223914,0.634436035834248,0.5731539613270761
2023-01-17,0.9782301854977717,0.7531603176696914,0.08800472175728642,0.6278529382305479
2023-01-18,0.7736475698399591,0.5966330517583449,0.38640419107784774,0.12387575587670187
2023-01-19,0.10973416865649112,0.31743169770288393,0.37080691785236175,0.11254093639661812
2023-01-20,0.00802558337652652,0.20782595377148372,0.6056041817241259,0.6315072124124235
2023-01-23,0.9168415257590321,0.8644766619337534,0.8527800788944284,0.7851483417453666
2023-01-24,0.5827995935673619,0.549594935761196,0.18847338407193287,0.9635081637428498
2023-01-25,0.7784294979187766,0.2745608047773458,0.004927572170846713,0.2942157388531498
2023-01-27,0.35158319598041016,0.096283855041048,0.02892545194128257,0.9953576865579852
2023-01-30,0.07779882360440793,0.8138500556918653,0.4246111273344856,0.3943306856861126
2023-01-31,0.6112079685474805,0.3554261012415938,0.9088431523953335,0.8218368779094367
2023-02-01,0.4623919507193709,0.804024346870388,0.011039872504457173,0.21391417885661437
2023-02-02,0.9617420667236909,0.9381083033594548,0.49980631696199596,0.3792380880192754
2023-02-03,0.7155393859862441,0.7647384030960076,0.9340982765300962,0.5192949465443589
2023-02-06,0.33489450367672097,0.06878102200997031,0.527556028735794,0.2697640878370648
2023-02-07,0.1087295849391969,0.3293880666594081,0.5666203850844376,0.1461482631825942
2023-02-08,0.22739850238945633,0.8973667408228637,0.6324991315026832,0.7485607828628027
2023-02-09,0.5522726199269627,0.8851320315393192,0.5301832336066065,0.2707519729741577
2023-02-10,0.3511421915266876,0.2959114208134742,0.6120638652049383,0.8938585959160075
2023-02-13,0.5513826331473849,0.03269453922521528,0.021947906754353274,0.2058977819290504
2023-02-14,0.47681789667757535,0.8330604745243777,0.6273625466085824,0.4496492361227369
2023-02-15,0.1263137434727358,0.5376911416711995,0.5469378316071415,0.70461743785382
2023-02-16,0.1926430060138795,0.563231218679248,0.3332686420610764,0.31109684627897716
2023-02-17,0.2961379630859281,0.16345294794722565,0.08987765434336821,0.36490561584757597
2023-02-20,0.41990122677110264,0.641903539938116,0.19717809397218083,0.6817488604403784
2023-02-21,0.5784451707831313,0.2218013706374806,0.3638092957923077,0.1350181322112534
2023-02-22,0.18823045916120762,0.17033821810401478,0.13411034092114926,0.12930052378398568
2023-02-23,0.42332479286666924,0.2544532789549387,0.7396861196520098,0.7068616847013014
2023-02-24,0.3770750583667005,0.4627232810085492,0.46168415808942054,0.17992671400343938
2023-02-27,0.23249402815382383,0.027873080626575304,0.8377548706075525,0.07630219442394283
2023-02-28,0.34883371023085474,0.1778050281630919,0.20035312769852306,0.6426532757351734
2023-03-01,0.5983533277389289,0.6265819687086273,0.9578477562434932,0.7752819012092631
2023-03-02,0.30083570279375593,0.10742515985879432,0.3118215217433245,0.1774153440066068
2023-03-03,0.7517942374184278,0.611812477880836,0.9962075435827139,0.8498201158259925
2023-03-06,0.7392813867165916,0.9114326177388656,0.49007123088338445,0.9403937390245793
2023-03-08,0.5112202562921001,0.19923316465200547,0.6313345070643759,0.43313723412236393
2023-03-09,0.15084941165344856,0.2288279786452287,0.1895374391792213,0.13404193089093341
2023-03-10,0.5637295159158461,0.2788135651292847,0.06903766654725975,0.6973692867626228
2023-03-13,0.30143160728100626,0.036364516317055694,0.035711816116432954,0.03993526973320156
2023-03-14,0.2577271293772178,0.22568489057578678,0.2965517095745701,0.20311204827670992
2023-03-15,0.06621304287191267,0.4591302314292538,0.15667794292581147,0.20674358058881284
2023-03-16,0.9709789375482287,0.18413078074993788,0.8124586663011963,0.7287614126094506
2023-03-17,0.3032878757463876,0.8000714136948648,0.7699193217910045,0.6818466643050718
2023-03-20,0.982017132338151,0.1546974379323743,0.06811940639406035,0.10022619628810638
2023-03-21,0.04949260094422302,0.21373432485610436,0.6154779368636475,0.5917987211859773
2023-03-22,0.7052130197464332,0.42991412605763146,0.4397924308400203,0.704095027867868
2023-03-23,0.6598800235184082,0.1800082928280785,0.08974532867871747,0.6788080694383005
2023-03-24,0.4210440537159257,0.610886729141009,0.14760471025765737,0.29815050411647753
2023-03-27,0.7798129835216265,0.6658949635270743,0.7411932247722047,0.19999373683797067
2023-03-28,0.23529339645805958,0.21716897695975018,0.3356117719928269,0.05765336377600791
2023-03-29,0.9543765004920718,0.6110986424665783,0.8842933250849936,0.8415439900670668
2023-03-31,0.877466607046294,0.981897696627896,0.8430746016631633,0.931084348167411
2023-04-03,0.1699635264633385,0.17131438443307348,0.6570184825676285,0.6809422456360158
2023-04-05,0.9451186670686312,0.7300714259979432,0.2438078328234527,0.6211692696306398
2023-04-06,0.2414831126397391,0.42346444399048655,0.7561623766817565,0.9308393336234948
2023-04-10,0.09903107244292791,0.6027498804439569,0.3712649409819774,0.9914017040637834
2023-04-11,0.7322251994590967,0.09800919564859382,0.8119565976825974,0.35863550889205764
2023-04-12,0.21251144074030817,0.8630931455388829,0.23922167272522715,0.7883806927126848
2023-04-13,0.6187045274674204,0.03017100958634289,0.7581956763592483,0.6913758409256094
2023-04-17,0.7514929048786568,0.0008834712095150686,0.9288017290910089,0.6273805928375329
2023-04-18,0.31101458601969373,0.4889279273413857,0.5773722527747218,0.5289018647300262
2023-04-19,0.31773067337193794,0.20874576051738178,0.18639596443336381,0.2649187817579457
2023-04-20,0.06624918967949045,0.34165662700651467,0.732741784087087,0.8331799469663274
2023-04-21,0.5778839750831746,0.5493065510099778,0.3582332474054386,0.18730256355535518
2023-04-24,0.5362400313752804,0.44033552312940827,0.9334252074404261,0.7092304452097425
2023-04-25,0.32059921696740973,0.4260190386533703,0.8255256722704449,0.37802419531834786
2023-04-26,0.8102343636423631,0.5385854157579357,0.7275586281704709,0.7458461836605971
2023-04-27,0.05593544393214529,0.8798549792455185,0.36397445455421484,0.6820405524505792
2023-04-28,0.26154655150884565,0.6408482345542615,0.9521371861577034,0.6797112815527033
2023-05-02,0.37671662992318933,0.9299776931673559,0.31291372431314995,0.20964506489002316
2023-05-03,0.9153471089098045,0.26032208942980467,0.22370854407818835,0.6837233267044114
2023-05-04,0.8263402110167173,0.5827348876705175,0.879455079823076,0.3007733921729099
2023-05-05,0.38987134274018775,0.15786655613863537,0.28287647018024176,0.2565816392437239
2023-05-08,0.758782801203342,0.6333364577706342,0.8257110711231666,0.9914029022099475
2023-05-09,0.4974278103297839,0.6021632222764282,0.08932370728516073,0.6274030106881185
2023-05-10,0.6321813868402903,0.2705166237600679,0.3955559798844155,0.7534013504182531
2023-05-11,0.9882094668640644,0.27862476552246196,0.5377902559336194,0.5878028770008978
2023-05-12,0.8934894461426574,0.21056754700723426,0.7418145189522938,0.7076151948492934
2023-05-15,0.9233394737923317,0.7834286397158009,0.6900483186757562,0.950023024033942
2023-05-16,0.7311135110757111,0.6249596576297691,0.7253254931189822,0.11562611805560827
2023-05-17,0.26925411135727767,0.11539930807722679,0.45666865298685166,0.2216709883192229
2023-05-18,0.0932413344364041,0.4415527720553184,0.05453835899803371,0.17666795197470891
2023-05-19,0.7106031319388357,0.9113055794088699,0.5140584017614372,0.953558390613584
2023-05-22,0.44316342795557007,0.9135337969046705,0.5819702402696001,0.3639475375529774
2023-05-23,0.3183385441785689,0.6479153512639689,0.7260653004612686,0.7575340280620931
2023-05-24,0.2615614609950224,0.4242133345881351,0.5292966104496872,0.1400944272018194
2023-05-25,0.20758353421294912,0.6175067170216094,0.370506466529976,0.22489170016736468
2023-05-26,0.9690534818322906,0.7831382040908735,0.7452083809815059,0.6644433225817559
2023-05-29,0.4913129432158456,0.37944443173569686,0.8741214050255095,0.637560501071155
2023-05-30,0.6099300362643229,0.7064286004225638,0.3411482403402373,0.3318564573019969
2023-05-31,0.6899181845768946,0.3173035955588789,0.36271433831456323,0.8145438677294006
2023-06-01,0.8785965821776761,0.49517943838586465,0.6419197776207398,0.8520873397272147
2023-06-02,0.7919915876580861,0.37942177545856565,0.7288629918105605,0.515517493705386
2023-06-05,0.19444815808118315,0.6133162743834333,0.45661320464166866,0.8858400007387957
2023-06-06,0.3978059103806951,0.05612376415998997,0.3495754824240067,0.8557209273166667
2023-06-07,0.8382688185431163,0.6879702994487548,0.6955072629198369,0.9048921100850135
2023-06-08,0.08428431368507731,0.31360598195448064,0.4137598903259745,0.15213505308035513
2023-06-09,0.051727959140160255,0.13384023501592154,0.08659482130765461,0.6034048450932765
2023-06-12,0.6080708010219218,0.9194429655887477,0.4586939011037844,0.5697422167969416
2023-06-13,0.895349146541808,0.75973481768979,0.3357226751054999,0.37800944340842135
2023-06-14,0.831207584079797,0.3480945363981935,0.46688312386553177,0.8150561433670741
2023-06-15,0.34305175328298454,0.18004876922727872,0.08013858706844028,0.38262134416065335
2023-06-16,0.8422227962152165,0.5901258819847522,0.7133345452983139,0.5474071160696263
2023-06-19,0.32055060235902855,0.526629628802959,0.32986036337517644,0.282635593285556
2023-06-20,0.3553219983171539,0.7076824323732934,0.37264655068490615,0.9608221385439119
2023-06-21,0.503432394045281,0.3524019281766238,0.39238653152839437,0.39238366619151194
2023-06-22,0.16567445987639554,0.11524414668280297,0.2686181574480765,0.08678385596132217
2023-06-23,0.2561444372494086,0.150439758803125,0.11163714632301508,0.13711261230273591
2023-06-26,0.6842934850377871,0.5983131387904882,0.6065288764744068,0.7959226632372579
2023-06-27,0.48905843581356534,0.6886272085954473,0.877879911880785,0.7131519839778022
2023-06-28,0.6825171718578847,0.8018303610401936,0.6806633450011037,0.9122816568801917
2023-06-30,0.7830894419107186,0.9823575174394064,0.6508516069165852,0.8102896032705322
2023-07-03,0.8394098433953934,0.420334705040196,0.9408209066020363,0.26561445872704104
2023-07-04,0.49050427202504676,0.7344128976439172,0.6723770264006094,0.5105626037542101
2023-07-05,0.9749114408767794,0.5186010205934166,0.5430407170273887,0.3227240506748408
2023-07-06,0.5540102643985104,0.3726680366360591,0.5796936326643596,0.9044796383206082
2023-07-07,0.0250103375731081,0.18069190605098523,0.528682507305588,0.9485730102616194
2023-07-10,0.05383741727369545,0.4369273758330733,0.39604307896750823,0.49917420452728656
2023-07-11,0.8544057025930354,0.868446995642218,0.24516663463316402,0.8270352556498766
2023-07-12,0.3126358018190316,0.16158869710507714,0.5020248608409585,0.19744353896616512
2023-07-13,0.1953767393558357,0.9486598011264423,0.26592927040110337,0.4451529865582101
2023-07-14,0.821178162779029,0.9944756914303782,0.3844475996072342,0.6707997129318285
2023-07-17,0.6019543184153815,0.40538072896207955,0.9716363556864811,0.20489087867637829
2023-07-18,0.5222307930115729,0.983582317708062,0.1477461035518529,0.20695757278652932
2023-07-19,0.2886532932626381,0.4592006948567958,0.8406625447790304,0.8055732697274028
2023-07-20,0.8955673241265534,0.08784938882995826,0.8399222580540124,0.5262586242374353
2023-07-21,0.004675374742139358,0.0008452847025723369,0.7300968356932871,0.6671709979650315
2023-07-24,0.1370557777878963,0.5233054079667891,0.6093565943347579,0.6404507131282602
2023-07-25,0.27304395933700987,0.44897949980876706,0.13271848624717092,0.8497352806787499
2023-07-26,0.7418868054149886,0.7011195822839282,0.7465724401501398,0.5521408036616329
2023-07-27,0.2681260206380331,0.5566718849264065,0.5420334029376693,0.5964616281304769
2023-07-28,0.7387487618948848,0.21329364288932032,0.42742272295559197,0.20378600011664655
2023-07-31,0.15668151563954996,0.7908629561391657,0.7012870584221974,0.8129120370757109
2023-08-01,0.30191228920944846,0.6912346620940522,0.1252723206530093,0.449162937127221
2023-08-02,0.782631166192659,0.2660163715357809,0.06359309394180836,0.02861430481779072
2023-08-03,0.21102894788531917,0.6503313135617783,0.1871819568426627,0.34760712671960947
2023-08-04,0.3797726165046522,0.7866201877758655,0.03899650582962789,0.32449574951143734
2023-08-07,0.8372718213677834,0.793813224705211,0.2739988078714765,0.25499111951622544
2023-08-08,0.44372948696332803,0.39059028761696124,0.7227082585543381,0.38369820410071365
2023-08-09,0.24630964941247044,0.5706773307068899,0.49912879685518297,0.9258819804911333
2023-08-10,0.2171802870236883,0.32915293955826647,0.45100011588373534,0.29472441719532194
2023-08-11,0.06951788737326238,0.13567965007613855,0.4899203108159843,0.21274747032648422
2023-08-14,0.8980796768728385,0.8718118813203849,0.03971074559734947,0.28159124670570634
2023-08-16,0.8203527924964631,0.9022356841898262,0.6867453988988976,0.8702742420965681
2023-08-17,0.32239820949751297,0.30501668653923864,0.8082514408109199,0.25912699488298074
2023-08-18,0.7073347289600598,0.09163756443318462,0.5090807133519085,0.5719906050940398
2023-08-21,0.6612548433775168,0.7912881293611109,0.3822423210135739,0.6933175812173908
2023-08-22,0.5657514123877123,0.4239003941627038,0.28022632691193905,0.4644277410599946
2023-08-23,0.6628581248517694,0.5673996783510206,0.8625938148199898,0.20245932284125534
2023-08-24,0.6476053746374637,0.8058834682771228,0.46122755594717213,0.3382038790734282
2023-08-25,0.19582299304672804,0.375193762811428,0.147101734710548,0.21607625885079906
2023-08-28,0.3217124900867878,0.35234200169899266,0.632561157259835,0.3490546453737021
2023-08-29,0.0888691211588421,0.5133019121753811,0.5872576404847817,0.7020688166477932
2023-08-30,0.6026897030847412,0.8343317796860583,0.13318605916529447,0.3993729466575242
2023-08-31,0.104761413135259,0.4690377603017907,0.1914398522286594,0.25880695827381806
2023-09-01,0.4737775154764451,0.6661560046931176,0.8439346956886842,0.8582738990227149
2023-09-04,0.41966626958202535,0.8745955607903177,0.7867226680706705,0.37251166030073835
2023-09-05,0.6193056433961737,0.7622868192052357,0.3195885206284155,0.5803814675037009
2023-09-06,0.7993406093642826,0.42679186251577483,0.3183230182436809,0.43419239790933484
2023-09-07,0.20375200374842387,0.22713741939106633,0.8662144936164518,0.7002685833326191
2023-09-08,0.6273955148344589,0.5443483239234762,0.7163114120773211,0.8996263316646368
2023-09-11,0.8574168445798442,0.6260631590925322,0.8511877077549105,0.7849430677622439
2023-09-12,0.052911316290168355,0.9006224557479471,0.28683863410645943,0.07185914148399973
2023-09-13,0.6415268540045231,0.3978975099382823,0.8450520991922071,0.6882292053140425
2023-09-14,0.3696383204202972,0.6608960385272175,0.5104278273324844,0.42407411451974264
2023-09-15,0.07125973973402314,0.5726459234760615,0.5532046252702677,0.8219488156358897
2023-09-18,0.8201252088772907,0.12251615557318815,0.7578013351804489,0.744388460559443
2023-09-20,0.13832912582261472,0.4304919239962265,0.30551423343131323,0.3811600623956504
2023-09-21,0.6296356544057949,0.7144838749224246,0.05169027814744154,0.10339860918729625
2023-09-22,0.6973042057086148,0.33411346369070183,0.8451162535315346,0.2159895047785566
2023-09-25,0.34837342280575806,0.10344137482364082,0.27577775577651287,0.403705154016956
2023-09-26,0.5659090595690768,0.21844483636641415,0.4798095271323032,0.5290330863274326
2023-09-27,0.8692120772386728,0.605570686376069,0.2268864886407712,0.49524608547451143
2023-09-28,0.03801138050330065,0.06757181273617001,0.47026038091457123,0.2110191342910885
2023-09-29,0.5907672736055365,0.38479324712532753,0.8620630752731118,0.9391465017605966
2023-10-03,0.5787331358021219,0.43068494917485545,0.7101771024884189,0.14149214041078895
2023-10-04,0.9574997087984777,0.7008330987588663,0.02550502560310135,0.21044851433202805
2023-10-05,0.751730286862159,0.8462290340166252,0.7147841702845499,0.7293533575364415
2023-10-06,0.1539011103333972,0.786301888656607,0.5768119587816796,0.6044436049677122
2023-10-09,0.7291493685766138,0.3845317836797703,0.11167215305232586,0.2510875867173807
2023-10-10,0.61676914544754,0.8508371631443441,0.7840027304898878,0.9021847326905134
2023-10-11,0.9587062399977362,0.44383273194043993,0.29407403757984,0.6284214879383917
2023-10-12,0.5384921558379475,0.058589536584054296,0.33401269447056203,0.6097713046655421
2023-10-13,0.7427100721933634,0.05847558566354929,0.08899648504807148,0.9901634868345094
2023-10-16,0.26956882026217305,0.524903960092488,0.43485067408808686,0.4496902914482518
2023-10-17,0.4390044272126149,0.6408291658898588,0.5089958487527034,0.15136687421075673
2023-10-18,0.31714710671621305,0.4186344980084046,0.25543849810429664,0.8571267470808146
2023-10-19,0.4880771182739665,0.30343344973758263,0.3728804237939063,0.49252286667300704
2023-10-20,0.01924117296636263,0.31267624245870557,0.11743700692201257,0.25667093237841826
2023-10-23,0.22770065665954142,0.1285306898380021,0.09686006769504371,0.06821747327659272
2023-10-25,0.3441377835061434,0.11993272313740787,0.63865732018538,0.17487357587563607
2023-10-26,0.4711306552179869,0.25203064428750377,0.10399612608533498,0.13535970936352354
2023-10-27,0.6275604313317253,0.8627902974046875,0.938804957717814,0.8878518334164578
2023-10-30,0.4239857464722573,0.3827039698954301,0.6772330410026801,0.11593364972728114
2023-10-31,0.6156148236782242,0.26322810756370985,0.4808120912287559,0.48971304386511594
2023-11-01,0.24295135501909312,0.18358856302841187,0.514141753487079,0.44258993973374317
2023-11-02,0.9375743412175015,0.8059846066537328,0.7939768725198808,0.8005335031422466
2023-11-03,0.8757033421397298,0.8497384116227109,0.8013022575040816,0.8490777120318463
2023-11-06,0.254221810426193,0.7793723954866618,0.25836226250005123,0.41662955764063553
2023-11-07,0.46519389222096497,0.4872244912151321,0.7702865966493866,0.4327984097093749
2023-11-08,0.8716783487703138,0.194022908636831,0.4928064605802315,0.36599722227029513
2023-11-09,0.03427630406615063,0.16169033535635452,0.3440113875118934,0.7632357230523275
2023-11-10,0.6865630203996514,0.32795775907546176,0.5335260213271465,0.5540004015075215
2023-11-13,0.3090404898542313,0.5808568930764958,0.5800012736060876,0.5772808224260094
2023-11-15,0.6776812729158568,0.970869061645089,0.6702652213940566,0.9535257749131048
2023-11-16,0.6166878224212631,0.9506682753567529,0.45309041353873325,0.7931658880577644
2023-11-17,0.9558630232257975,0.306264609028438,0.006908012231846256,0.5260115691192272
2023-11-20,0.13539861009713738,0.440936897074354,0.4982155776807292,0.19968645167441607
2023-11-21,0.4519322509254836,0.5218750533050183,0.3569399051130854,0.7635628340215411
2023-11-22,0.8098466266463062,0.8463394667073497,0.3244411328098824,0.4577779092436032
2023-11-23,0.46089957443199037,0.27148287227763934,0.5242391703434297,0.42439363883929093
2023-11-24,0.3810370058937903,0.2199395330919817,0.48382848901439235,0.2202743214392235
2023-11-28,0.3792209818160558,0.5896642127968384,0.7201932117471361,0.9734571167084376
2023-11-29,0.7849684899436841,0.8168574221018093,0.7196056720619171,0.8816104070957204
2023-11-30,0.8534046442658888,0.3560101748317671,0.24930546601030432,0.26523040759416
2023-12-01,0.8331956418368092,0.39280355085804264,0.8301719035673215,0.44505437702531614
2023-12-04,0.9583180999566749,0.7376202081786759,0.9905012466631894,0.4859320584660023
2023-12-05,0.04770520871723819,0.23852648388844563,0.8918041329633077,0.61348709768807
2023-12-06,0.5713028363864731,0.8566563727624845,0.47305252148298427,0.8838704285697082
2023-12-07,0.024400915216142575,0.2783679787197996,0.6425552634837477,0.45887714361553433
2023-12-08,0.5563662741153944,0.9012203923655075,0.6057076302355477,0.2038837012226121
2023-12-11,0.1666304592853163,0.40094185395959414,0.46268778281606104,0.720025127773798
2023-12-12,0.46245338674707226,0.2146776741274873,0.35375114591670365,0.2638718622784033
2023-12-13,0.6950618336752853,0.07237135635969079,0.832101373983862,0.6738632018023084
2023-12-14,0.6069938937320807,0.9794614616940557,0.6757956762280568,0.455979452595737
2023-12-15,0.6494318040610906,0.9955258159670839,0.9910246358071626,0.8692611126505412
2023-12-18,0.7578008840289567,0.2572453172247148,0.47592828312099766,0.4139928404506363
2023-12-19,0.892039961861852,0.3541048373410378,0.7805347063724478,0.4028864527718511
2023-12-20,0.4385111076943756,0.12958325721732808,0.02547000643409952,0.02817897092464102
2023-12-21,0.3907279553986346,0.4575580375717755,0.7376830812978353,0.6002003359382921
2023-12-22,0.8633019531052725,0.8987752898983755,0.20171792876260036,0.8836235085094083
2023-12-26,0.7081208586322162,0.15277815157955613,0.5297080218285437,0.30100949624672213
2023-12-27,0.8760607765117393,0.8562114012525956,0.8815354160996939,0.9439394416310063
2023-12-28,0.8929981851419139,0.36833301155131726,0.6132806944513544,0.8299626128329806
2023-12-29,0.9202355681641226,0.13772024979096012,0.11753307769963643,0.9610577985621124
2024-01-01,0.314665247373455,0.6397630624310419,0.4257058147541963,0.7783884327092742
2024-01-02,0.04030351172134766,0.17367812447898917,0.36116794072351505,0.28014304881848706
2024-01-03,0.30977189171265285,0.026361842034315616,0.6821696697729841,0.3793348827151286
2024-01-04,0.21620230304225568,0.7987908989209707,0.41751186742786806,0.8621486926027296
2024-01-05,0.897408473758848,0.8001109436999799,0.41143517449645384,0.3115226327752915
2024-01-08,0.04076990491381885,0.2747209552914984,0.03965435085681626,0.4132604322391208
2024-01-09,0.5030285169939218,0.6062225784427305,0.39628782988647226,0.8052836004357661
2024-01-10,0.4430775772244303,0.2660331296851043,0.29303189141679986,0.7631932602170935
2024-01-11,0.03862019858005135,0.08249354649566455,0.3769928943645544,0.7257729767104362
2024-01-12,0.6431659037153878,0.999483083045894,0.9362844560323744,0.5067893696817671
2024-01-15,0.9129848527958997,0.8735753807652268,0.7736261234895372,0.3302221340428251
2024-01-16,0.42236381459846917,0.20256400141298253,0.30565538072052,0.7058772982769955
2024-01-17,0.3516037998149897,0.617970650897247,0.08883560962980748,0.11541555433629826
2024-01-18,0.20419135652833947,0.5119029342703997,0.5797544776538038,0.8408872307665756
2024-01-19,0.8100402237791587,0.7752741002495176,0.4283529764955316,0.6292599440706753
2024-01-23,0.00011566465781716436,0.18389341383297353,0.008760434964755997,0.044949559140494456
2024-01-24,0.9676077628028729,0.9245616429993841,0.8436962514445471,0.7659477158336321
2024-01-25,0.31884963752226225,0.3403044754749886,0.2599421877912822,0.510964152158199
2024-01-29,0.726883726371176,0.23628001345100924,0.8569381689890302,0.9675084093444327
2024-01-30,0.7160781547600433,0.35845560517321395,0.6600791293554089,0.8701576025448796
2024-01-31,0.8040958527922075,0.6585703637772142,0.9351328084730177,0.9370262713448364
2024-02-01,0.3777286134770523,0.3796696875209927,0.791000000510985,0.32046464253317586
2024-02-02,0.203190667219169,0.9478836113779551,0.5701186539367539,0.48924312450171104
2024-02-05,0.10981620093123116,0.34175102504329846,0.18014066657692074,0.9926998272574241
2024-02-06,0.5973575253247443,0.9623169992904658,0.8050495912502266,0.7593548615234292
2024-02-07,0.4865471924835131,0.060551296089251826,0.9883239869565936,0.3359145975901096
2024-02-08,0.3512860254041148,0.43989350075463785,0.964699035328331,0.23510115524776448
2024-02-09,0.6165145574994714,0.14191902469106596,0.9628787719331141,0.23125680696637765
2024-02-12,0.08002717502362287,0.6613340336791121,0.0908224290277844,0.38124381143889774
2024-02-13,0.6243419526305113,0.5530511607206814,0.662460286381968,0.3359836945810978
2024-02-14,0.3914275708103354,0.16943445454152883,0.986703763923984,0.7887305457658532
2024-02-15,0.07941928620936935,0.6616239381541509,0.8979117583245952,0.547575553476157
2024-02-16,0.8259127999448466,0.8730194811972366,0.24631347214863814,0.8891675821563105
2024-02-19,0.7089722954445619,0.4230548591190729,0.6532526617587668,0.2964676688758597
2024-02-20,0.7669544306027306,0.21068092277280945,0.4990411172495508,0.2874344820945546
2024-02-21,0.563000434902776,0.0783156090390043,0.8679547832026288,0.312907654471597
2024-02-22,0.20369333846133106,0.8492531595669863,0.246572121271351,0.7883330679734694
2024-02-23,0.5991556696059476,0.37727052960605245,0.20900512467603416,0.6348753192518709
2024-02-26,0.6811045876510802,0.19333376590330886,0.45173709858896116,0.4642231020774409
2024-02-27,0.5243762446308999,0.5341077649913651,0.15162000597067443,0.9502385261365285
2024-02-28,0.7631098746426223,0.6216363787904989,0.20199828818725435,0.3432533030272522
2024-02-29,0.3313457632043004,0.5189841196484789,0.707152044537734,0.25272684851820104
2024-03-01,0.440778494951244,0.15154107964075772,0.967148082143402,0.9489664460003108
2024-03-04,0.7145434632934621,0.18938120085322727,0.5820575612689362,0.733152999864783
2024-03-05,0.16636065557194113,0.07595402906195582,0.8621278698168541,0.9682938846450538
2024-03-06,0.5039232516664764,0.6622518774375187,0.4565002481569175,0.3741446055227099
2024-03-07,0.8010384062241946,0.4413947952075399,0.6502998359423718,0.8871178712531146
2024-03-11,0.10454560465752855,0.19431448429882672,0.07387141046859913,0.21124117522517658
2024-03-12,0.26129452259732183,0.7085881403346346,0.10834872945635952,0.20526359646201908
2024-03-13,0.014865320775370693,0.4285725871092366,0.1364636625734883,0.017504412249320048
2024-03-14,0.8150049105956311,0.9684620016217235,0.2581418132812383,0.3775298592789501
2024-03-15,0.3706995977557761,0.16729514027040182,0.16831964480180206,0.11593341689621178
2024-03-18,0.10913358134202658,0.07503764299483752,0.4194763435294341,0.902280677366166
2024-03-19,0.07589456400611681,0.050705665460151664,0.19384152883950406,0.18821485207116143
2024-03-20,0.11865063133312154,0.36632165856954113,0.884272631202406,0.145369381268048
2024-03-21,0.4907077498018598,0.46126088182691705,0.7932194730955572,0.901966016968858
2024-03-22,0.7566408495111557,0.024792275451763008,0.5759827017211384,0.7960280339827777
2024-03-26,0.20740802939983274,0.23799417536066544,0.20251213304121574,0.6427465400496605
2024-03-27,0.480595466420104,0.30827205004946834,0.20651780465956118,0.2786493550244385
2024-03-28,0.8653761542096728,0.7433808462804796,0.9546127708142347,0.806747050174341
2024-04-01,0.8418715340201337,0.4042123714256868,0.7017785397027113,0.46434024579398414
2024-04-02,0.5293228005542153,0.21487223748749273,0.7922987249688511,0.7895808361832507
2024-04-03,0.15027117266951587,0.4126606526662917,0.6712266950082112,0.6051941781351634
2024-04-04,0.47814816818815864,0.6058621316592969,0.10544295326380289,0.5485101531413108
2024-04-05,0.541998202623393,0.29037564966631785,0.6867676876546508,0.34356253643588525
2024-04-08,0.5438186901178418,0.4050415425207141,0.623501726594746,0.6559423447126074
2024-04-09,0.3895397236515151,0.8317225250597129,0.28959667306669795,0.33652174774311616
2024-04-10,0.4190361000404971,0.7260854204770867,0.9184519042297512,0.6243385246005736
2024-04-12,0.0853918956367415,0.10326778134762736,0.1075514465124115,0.6239220748448502
2024-04-15,0.044069676227158766,0.18849860743931712,0.19276673327972962,0.08489548788591558
2024-04-16,0.8861426202675651,0.014573344431807118,0.2553257336599815,0.31746367747438087
2024-04-18,0.37765058092875603,0.5464701840799423,0.21142754130596342,0.08174330803944195
2024-04-19,0.8033068452757085,0.31886449525473937,0.7104046193112701,0.2731821403914487
2024-04-22,0.7133962520405992,0.8506431456995194,0.9283948284840884,0.744747970760474
2024-04-23,0.8472518945371579,0.6771616404318583,0.7437287450921815,0.7955668110145887
2024-04-24,0.45455801689681896,0.2235841567532088,0.46268349847941503,0.6147453278218976
2024-04-25,0.08018307949206392,0.6436416121491242,0.9973373064413901,0.7395891478869812
2024-04-26,0.295103143337311,0.27665498302343033,0.20615750159660537,0.4275544872831767
2024-04-29,0.5726731719737965,0.573394573005409,0.9519356783377958,0.5107256654142954
2024-04-30,0.6016101732597803,0.18845296747199677,0.45620606029922806,0.6908066010149333
2024-05-02,0.3997111962410441,0.3234403937190725,0.6153970401867938,0.8957626444585314
2024-05-03,0.2833877843395872,0.5089181559960938,0.520677908614636,0.1492929448989574
2024-05-06,0.9592005227465246,0.6929512581557781,0.021957828319737884,0.5557562324070351
2024-05-07,0.9995715379141614,0.7942080142019174,0.3048076029046063,0.04827895316324278
2024-05-08,0.0977868258685694,0.19460480773645125,0.7760191077353941,0.8907897185289371
2024-05-09,0.23486496924830003,0.7345340225967688,0.7966692156413615,0.8284724576343226
2024-05-10,0.9069589368129336,0.18706400738256748,0.36156119908686124,0.8105421421139387
2024-05-13,0.4846355404984004,0.4296970602488177,0.1780813343170177,0.001481559637431215
2024-05-14,0.3052463876498759,0.49369938009758974,0.8094168073461246,0.5563932349931936
2024-05-15,0.14097707181910393,0.34555673027559414,0.5525665258528465,0.23775932651421744
2024-05-16,0.7860619434620492,0.9573801466055433,0.1814625185737245,0.30104654900979533
2024-05-17,0.17773365811572228,0.270201529071815,0.7034181279312092,0.667705244114521
2024-05-21,0.31047076594750567,0.24885548113355271,0.8736883983024281,0.606212573453546
2024-05-22,0.9697494667045286,0.8592655209832928,0.5387033746747769,0.39101606173740433
2024-05-23,0.7614996400658812,0.8187971807672516,0.8855817555474486,0.8050151316565595
2024-05-24,0.2788284869544534,0.29865752531676537,0.32822660689280864,0.4326863557021192
2024-05-27,0.7374926620976893,0.6113238234111653,0.6764092792710409,0.42225067340116984
2024-05-28,0.697198716532996,0.35916425125398516,0.35440969340837114,0.19338868039780152
2024-05-29,0.1794856749225279,0.16351071137954817,0.17937813136874242,0.3628369311306864
2024-05-30,0.17156383871604175,0.09672159185710966,0.5972574530889876,0.08353346635679895
2024-05-31,0.16523113027735223,0.4541941003956955,0.6552967215942327,0.45625007299433873
2024-06-03,0.8482610699684715,0.4395180843266683,0.9999391016206199,0.9480478826980724
2024-06-04,0.999279550918414,0.2097323169482621,0.00013924539777750364,0.01282409329257276
2024-06-05,0.9927436402162602,0.9645738137980834,0.6035427914405133,0.8681588437023859
2024-06-06,0.08763255693511096,0.9715961516912884,0.7969498092032066,0.6555232160035773
2024-06-07,0.7860488503872206,0.9886701953150913,0.71612463967636,0.9365451155346348
2024-06-10,0.34656014753282427,0.07222811651323749,0.5224094565247541,0.5864016741267444
2024-06-11,0.37229187161752675,0.3984657519451592,0.6015979586018352,0.7959917842238503
2024-06-12,0.19265255709084203,0.26618783112710914,0.608259106313036,0.5219012474577509
2024-06-13,0.10622981520105038,0.6527697888750932,0.6636611929027515,0.40294769902819616
2024-06-14,0.6953846852458091,0.34819034485757855,0.2815592172463259,0.6876531980793575
2024-06-18,0.5969191699104857,0.6750538062311379,0.6985046444073527,0.2665772336428738
2024-06-19,0.17408875355860465,0.7491003184226546,0.7686078821072289,0.23974964610800853
2024-06-20,0.787401311151089,0.5578231170197665,0.17858438997364187,0.5057780362567438
2024-06-21,0.10574277101599844,0.8149203206410399,0.2157594609492294,0.11376519832213464
2024-06-24,0.4942686463645908,0.336328078495691,0.32705511674794724,0.3733744558945872
2024-06-25,0.3500062706612671,0.7725428348778358,0.8148569150560777,0.38908298151049325
2024-06-26,0.6828602389079824,0.43257320056553455,0.5934212017307914,0.38279833330190177
2024-06-27,0.7266547959240647,0.9432882346563483,0.4003372290998797,0.9057957850477071
2024-06-28,0.6628094668847866,0.32397218699391317,0.6725343283095595,0.8640479570776057
2024-07-01,0.8462520562305134,0.8773432185608622,0.21291451826917773,0.7842439955478657
2024-07-02,0.24103047061836297,0.9186597164458619,0.07574342599081357,0.08473420776530169
2024-07-03,0.8002714151263681,0.5951525985841886,0.8478398642858815,0.33242208971568643
2024-07-04,0.2982708617992139,0.8633582339177153,0.43561304906734166,0.9058575527298733
2024-07-05,0.9349172282379654,0.3942138247979481,0.9500209204691084,0.3572606627858481
2024-07-08,0.8967091890447236,0.7446379395249594,0.343169009783081,0.7184009129428719
2024-07-09,0.5608333858775095,0.36625506636477073,0.6630964801311441,0.7846492425138213
2024-07-10,0.7566126242581607,0.28336921104880974,0.1182612415481814,0.22566735001442356
2024-07-11,0.484075101053857,0.5585962494550306,0.7408266637543932,0.821676178548255
2024-07-12,0.6845697140034896,0.9876834935512625,0.5850776310380644,0.3642132342712192
2024-07-15,0.4751829980929938,0.3785627915636112,0.9576914532789945,0.6926194685373656
2024-07-16,0.9678560321480263,0.7929446485099059,0.43742080656951343,0.3822217687581133
2024-07-18,0.9284578659295033,0.9137383957913651,0.8530431304305436,0.5754149972837169
2024-07-19,0.359253691076041,0.9234318847243095,0.3143564717540001,0.025115839116112763
2024-07-22,0.6096410446473796,0.7660702277582474,0.12287321982613386,0.7601299293950211
2024-07-23,0.8321656372099726,0.8614748207752075,0.13509548534013835,0.4499582175634482
2024-07-24,0.0785285821205486,0.40613685342751993,0.15585748790306267,0.9202895987174965
2024-07-25,0.336674310863915,0.29632411741170844,0.3450613352398454,0.994036040767485
2024-07-26,0.550629281099588,0.9777020140883141,0.8757043762770709,0.864821717247992
2024-07-29,0.5087187343993564,0.33289072245624896,0.7880930466717048,0.592788167606742
2024-07-30,0.23218706414884432,0.5737359588538569,0.5087087763505914,0.9470631705346244
2024-07-31,0.6889884279199945,0.3036371396094171,0.43991959109205114,0.3767735491834072
2024-08-01,0.6485447218534778,0.2148586071199059,0.15985420935492262,0.2291326827877867
2024-08-02,0.20652181259697913,0.08482987202045733,0.09664403140542684,0.021180882692903066
2024-08-05,0.785412363345809,0.015009725363463856,0.009275823471467678,0.00856807339605899
2024-08-06,0.8654366680618184,0.4633811584407156,0.20881329106386035,0.46096963680236813
2024-08-07,0.4211464098043033,0.9085544194132419,0.7735722370295831,0.6580915505873355
2024-08-08,0.330298001080404,0.0415455399580798,0.44041444561993914,0.7465152548674715
2024-08-09,0.6946731074015391,0.8083826582640441,0.9151216054521711,0.857768440957488
2024-08-12,0.5288430570425169,0.8331340428512168,0.13854440068531304,0.640141719732178
2024-08-13,0.3817086372503568,0.46466075382233274,0.097709866260478,0.11675831347566057
2024-08-14,0.22417465671339493,0.8585954790203714,0.6617421239825991,0.6728555943659924
2024-08-16,0.8192893649731504,0.9233873703902763,0.800388672861791,0.951994990193926
2024-08-19,0.417262684122775,0.5692801882585098,0.530504437725025,0.2564674866332395
2024-08-20,0.6301968202787076,0.6013989410790516,0.740411439472475,0.4647317745122448
2024-08-21,0.9078374526518206,0.4714866799713052,0.2764450815614107,0.4396541755729976
2024-08-22,0.5438589867894064,0.6065081267364537,0.6668225043713233,0.13966820858302384
2024-08-23,0.7968390416553606,0.19004713484437752,0.26911175121367603,0.8145706767342845
2024-08-26,0.5978480194209866,0.7074423691809988,0.4439429302420852,0.6580930811125494
2024-08-27,0.04653764414846269,0.8360879182841909,0.4966107518469043,0.15697068839071532
2024-08-28,0.42817474457455207,0.9341052416008504,0.21764521197851214,0.41198073829670134
2024-08-29,0.7823509346875952,0.36292844611953845,0.6796203616977087,0.985295836412344
2024-08-30,0.38662967482040006,0.6462981524051723,0.5083940081684556,0.2637698267173251
2024-09-02,0.6690830893258449,0.7963653718698998,0.7413900926789664,0.14188294383545716
2024-09-03,0.5910430151729973,0.14765361432541327,0.5799812078591726,0.31005847161129874
2024-09-04,0.9377464147820698,0.20325603798107345,0.18040969960033984,0.3680106337197985
2024-09-05,0.4753180729534463,0.6442799020027037,0.5585803454984531,0.21403291531463256
2024-09-06,0.5052219153593659,0.09030500986862076,0.0029119056127431134,0.10930298007205154
2024-09-09,0.9873690582255141,0.3512033947903507,0.5170485237763942,0.23175176018004223
2024-09-10,0.22129618316901842,0.7490452227516841,0.4122708139365975,0.40716754698757807
2024-09-11,0.5736083015068952,0.4231122052323111,0.0982799043764355,0.005855394998476232
2024-09-12,0.9422569622330322,0.940739947662065,0.9274296106766996,0.6532520274734898
2024-09-13,0.2130917259500072,0.35344512829826413,0.5851106061449559,0.5983680342404322
2024-09-16,0.032126202079516754,0.5737313394706942,0.2646254729306942,0.40596717774135715
2024-09-17,0.566696574247738,0.5044920488363802,0.3503482598311225,0.1980411338630267
2024-09-18,0.5381875727712013,0.016842912343090533,0.8341108932686442,0.19685461437798552
2024-09-19,0.8765512916064754,0.4974156411078371,0.3439080505515785,0.6077316605031575
2024-09-20,0.9681867449661398,0.6427738921685793,0.17790325627609987,0.5836856279038697
2024-09-23,0.9344967504587489,0.31056601332700473,0.9531056178352454,0.5067535749854009
2024-09-24,0.027265627994606544,0.5025364211319969,0.33561079709307606,0.6378129760751917
2024-09-25,0.44098069671917794,0.4007710760377089,0.2706068106455566,0.14780875581047118
2024-09-26,0.8653352905606606,0.5561639523931607,0.8036214959037139,0.9548614142491876
2024-09-27,0.25333715542007784,0.5851228892258966,0.494597965820468,0.47658304308233146
2024-09-30,0.37274042885774117,0.08167712756480572,0.0727049248636863,0.10925084446227926
2024-10-01,0.1302087460691078,0.853420659071199,0.7819802623780965,0.24050097924969077
2024-10-03,0.1480528161631931,0.2858950498787155,0.34990024355438204,0.020782964333795274
2024-10-04,0.07838951049360708,0.8351345404733418,0.5767655071028168,0.5937907370981474
2024-10-07,0.2623055423248975,0.7327558407924603,0.013088397711932325,0.4154560669717379
2024-10-08,0.278224208695707,0.7077799499305315,0.7704994580924541,0.2761683723823223
2024-10-09,0.05929597287929976,0.5391647914806716,0.8881626459128733,0.8740041889580259
2024-10-10,0.26622578083479864,0.07360236912251045,0.4497313150805313,0.2100643415877966
2024-10-11,0.8331782710783842,0.7097236213565131,0.579075984422728,0.5427436346916704
2024-10-14,0.6044189817515251,0.8153658856933025,0.6985035790360508,0.4070347576204558
2024-10-15,0.3764737839086447,0.4694025427338455,0.43396805265072996,0.1880915257119823
2024-10-16,0.4912999789538727,0.05557871434635125,0.4947371730544555,0.20551813156173085
2024-10-17,0.07581919754776194,0.9378995954303684,0.7095547605417056,0.1173439852706976
2024-10-18,0.1921725685274644,0.008337363893896567,0.8223830563219541,0.8792896064481656
2024-10-21,0.17851163979277174,0.23720767222369893,0.22668756152553587,0.28295284946471
2024-10-22,0.29304313495105916,0.455982487077096,0.02418480756550407,0.05829489052423804
2024-10-23,0.18642555366804864,0.7711318949212629,0.3414688100186519,0.43455012753700756
2024-10-24,0.0011568018335251975,0.300916141243582,0.7721013950660303,0.549049097764776
2024-10-25,0.7464833541210814,0.43998034716129686,0.09861062521914764,0.11834868953835363
2024-10-28,0.9291771086567125,0.5253563571975395,0.8266550772199025,0.815818695538855
2024-10-29,0.1804202109212893,0.3652233543799126,0.9955734779129475,0.021210625947286937
2024-10-30,0.596577134705034,0.052900845607787794,0.2333457145885095,0.4278950168731429
2024-10-31,0.17696847784922656,0.05273274033814433,0.39098950985559394,0.3217296453082034
2024-11-01,0.6277230865106027,0.5226862169494464,0.5020428213738929,0.7366830755970073
2024-11-04,0.3076053430943787,0.5143655930090008,0.797337009753949,0.08674788930672189
2024-11-05,0.4356840246679309,0.2946102112658141,0.9458940566065301,0.777969429113465
2024-11-06,0.46947535000462204,0.9911070383428535,0.6721040888192121,0.6009823375078962
2024-11-07,0.17279366167222585,0.19530183682237068,0.6558664117238909,0.07452172755081699
2024-11-08,0.8613394695697645,0.8450253039836778,0.0682999348270946,0.14450320752219997
2024-11-11,0.258896647863625,0.8801736376555047,0.6249707450062272,0.46174047011737707
2024-11-12,0.1323390969063597,0.6185536025594007,0.043082175435489076,0.0737319960460775
2024-11-13,0.5424221420175122,0.4546901977272555,0.09955651665538391,0.5258402138438706
2024-11-14,0.016716741530330637,0.3886763719536483,0.33668090854840405,0.16082537602871538
2024-11-18,0.8652707706051526,0.021761256225997658,0.8091331970521224,0.4035670287356675
2024-11-19,0.3094150866445917,0.6520017263117825,0.1366833913249581,0.805340108275353
2024-11-21,0.14392167381403972,0.6177224987345467,0.037736249831979124,0.19172727928193897
2024-11-22,0.9706542017395761,0.9858353074791131,0.9773218588363566,0.8993396971653225
2024-11-25,0.836609381362441,0.28015569303793175,0.9413722183039612,0.6658801354245082
2024-11-26,0.6332692552002154,0.8983403393682715,0.3320357506137515,0.12003814756884813
2024-11-27,0.6250301750366898,0.4689024304584337,0.2932374621985273,0.5135249714934481
2024-11-28,0.18065335506017977,0.012379570476007245,0.6522563235891568,0.31988755858562745
2024-11-29,0.8725684306467637,0.48671839404343764,0.46179801247938024,0.722430167064458
2024-12-02,0.2564140425615182,0.7661499059937764,0.3540469608196528,0.6080827262114901
2024-12-03,0.5519770587857235,0.6651018608915676,0.9344040217012836,0.8135292000348854
2024-12-04,0.22738394380589044,0.41154745378932406,0.6815081185039291,0.11846490152249371
2024-12-05,0.8518267943487043,0.9587066497444093,0.6917838790783739,0.6321958426814088
2024-12-06,0.3324678809037016,0.26662367870377657,0.3853646987101569,0.9561509285418596
2024-12-09,0.012544570833464165,0.4859179558381911,0.25624147685744686,0.0867348038025777
2024-12-10,0.3972038010839134,0.8407871818735622,0.8079587966261885,0.5183593837269392
2024-12-11,0.5651754225456777,0.842826617558064,0.2536768220343786,0.45560645893563
2024-12-12,0.03682538963433753,0.6812748810587148,0.2027689623159239,0.1358437785837589
2024-12-13,0.9294619839190661,0.6807778170885846,0.758095185750019,0.6117710578831821
2024-12-16,0.19125990510100102,0.1889195926290884,0.4328616917993749,0.28843527940532726
2024-12-17,0.4350834065653369,0.40448589772276955,0.1468090848411385,0.29905931620376275
2024-12-18,0.42506742229143485,0.508403395463302,0.1291766109262794,0.03642088659364405
2024-12-19,0.5080560440310218,0.0802800869573455,0.28737735128491404,0.17918061204280444
2024-12-20,0.15180239057409067,0.1714215601514993,0.04206990817807741,0.07432093625280597
2024-12-23,0.5740622155286939,0.5009341619446208,0.7482798392417678,0.42987693214977574
2024-12-24,0.4391112031705252,0.23064339026838396,0.1931789724284494,0.8398909578789675
2024-12-26,0.4440249034365924,0.4342350112391211,0.4769641158832415,0.6378227102729129
2024-12-27,0.6480822853471239,0.6324495749529181,0.10408907331625239,0.7840895800932758
2024-12-30,0.5453225150838632,0.2767788327186955,0.14776306060680938,0.07914972238520913
2024-12-31,0.22477489800978592,0.11935199153311331,0.7159991437747822,0.6962797957682729
2025-01-01,0.3959392503487092,0.508388739541236,0.38697382578825146,0.7704493694224748
2025-01-02,0.9561747825539099,0.9917729247817004,0.789311184872792,0.8888257869021191
2025-01-03,0.9169931220373928,0.2183761009548591,0.19148983821442286,0.959805940389183
2025-01-06,0.12507977512484497,0.4506434104288993,0.06007995371101456,0.12989055764134808
2025-01-07,0.7225426058964616,0.34335627688416714,0.5540810061251985,0.8774183665266645
2025-01-08,0.6809179363149879,0.5048689048876617,0.20329535787428488,0.5344982837708309
2025-01-09,0.9015147305899892,0.2159806408862773,0.1383523852846826,0.11187601924435872
2025-01-10,0.6334270925748086,0.9648389831506339,0.06380060250248563,0.30475021502724475
2025-01-13,0.6571845619710254,0.3840304614710176,0.12579121598876186,0.044510532909063365
2025-01-14,0.010429733665456329,0.16584857340427897,0.9214101315747963,0.8935134227478531
2025-01-15,0.5450010973328211,0.6255150265544291,0.6771823743953858,0.2773857910524133
2025-01-16,0.1327449766307058,0.17317296406669067,0.8738764655791836,0.7849480751869143
2025-01-17,0.6426324319239926,0.002300474355202019,0.36940145049282713,0.657321762423806
2025-01-20,0.3412853821739829,0.4582048248780559,0.9198956360443521,0.2930041637406351
2025-01-21,0.4033396293365022,0.32697061957699075,0.04014459611882724,0.11617092134063085
2025-01-22,0.5422195485289324,0.9556959357656556,0.29865468093499475,0.07755416040899776
2025-01-23,0.17986852989375118,0.6030993088745968,0.2126220711810559,0.7675274245332023
2025-01-24,0.9515077904404968,0.6345806078254793,0.3874759265857416,0.07740825128052291
2025-01-27,0.8436183365222828,0.024608582010251193,0.6940622985437245,0.06738416243804977
2025-01-28,0.4369293002501353,0.5773019120720237,0.6159703030479793,0.8382774220819411
2025-01-29,0.4024018125203583,0.9586388085007509,0.7406940763414743,0.9393536748640403
2025-01-30,0.8379288171888013,0.19177848619966126,0.657817889870661,0.004582353366399697
2025-01-31,0.9757684486741968,0.7670804621155395,0.8468088709987289,0.7978127479637634
2025-02-01,0.9145568625012439,0.10880972213355673,0.20697948047692066,0.2894354881285329
2025-02-03,0.027837324894856536,0.6605251901352492,0.26533642810604396,0.1279621186474767
2025-02-04,0.39605676896295716,0.9138157770073815,0.9472378460873897,0.89979548340592
2025-02-05,0.054178797209334974,0.4312825273913835,0.11191919041867575,0.6569403534012419
2025-02-06,0.20526047957398694,0.7716122377858208,0.11199999770263819,0.2681622798919435
2025-02-07,0.331780169835467,0.2611279400307833,0.10003555671199342,0.3895691587655885
2025-02-10,0.44906239977851314,0.14393476126947807,0.4494305476650241,0.16583348990370483
2025-02-11,0.05071066554671443,0.38418123004199567,0.24665149332563857,0.0705685749672666
2025-02-12,0.7506209969223099,0.2559854897282688,0.5595332630253347,0.6992302593236556
2025-02-13,0.3097904368712542,0.17951312372832373,0.23399319886072545,0.46486415526838976
2025-02-14,0.4316053311226634,0.6906275312765158,0.2373119028498338,0.3571595013905592
2025-02-17,0.6901466168722006,0.23320930655902036,0.7198304166410203,0.7104075951963011
2025-02-18,0.09233683691039744,0.639898184675328,0.36951624511336767,0.3066288485908394
2025-02-19,0.04462698673772478,0.04386134195473109,0.5363683485321056,0.42067525242672443
2025-02-20,0.4246534916173974,0.6826285060103667,0.5838493757020566,0.7986164783341254
2025-02-21,0.36985179510391314,0.2963822365718142,0.17024046059177356,0.06040390738409351
2025-02-24,0.49054238472782097,0.02741852372571719,0.23819685573751573,0.2976985828075835
2025-02-25,0.7895458179104198,0.5220908168892764,0.23838109723680853,0.23111335623639562
2025-02-27,0.24751708551237792,0.40736764370586365,0.19500759738936746,0.10241057158279729
2025-02-28,0.025816329358657773,0.007215671789801441,0.06163881107053125,0.02081332599707887
2025-03-03,0.22958297973312608,0.7019621264052114,0.7213920715824534,0.5040188642168555
2025-03-04,0.17775418481175234,0.2153806025970824,0.9650746479528433,0.4181472699854926
2025-03-05,0.7285689095334242,0.8052157259026161,0.8848601791551901,0.9496768129084069
2025-03-06,0.9664305368838687,0.5451345785788879,0.5379254099965955,0.4419291563062032
2025-03-07,0.2613005803347394,0.08119709376286294,0.49300511085281584,0.7794175050353513
2025-03-10,0.947756384438566,0.724762338537364,0.29102064527446936,0.4751943246552982
2025-03-11,0.10874077147579037,0.045464502981232224,0.5065049208677509,0.4763495015744378
2025-03-12,0.1381309267277483,0.015081010731048403,0.19350594120620768,0.9591683565366882
2025-03-13,0.19346985524575294,0.34486654387027715,0.6870721385709201,0.11019609356949162
2025-03-17,0.4135721352405073,0.6267891393455989,0.2605753484910506,0.6892938644518031
2025-03-18,0.49623998765334254,0.4657193269687313,0.4575411413445146,0.48101391865158327
2025-03-19,0.8868992826099004,0.3912304627318687,0.9767995749018529,0.9592802240651913
2025-03-20,0.9504772853759165,0.9117448707303565,0.6435505725749535,0.7526348038513129
2025-03-21,0.5967877803752103,0.11694631370437925,0.6282255584032703,0.8596015253798609
2025-03-24,0.6838960799574896,0.46951135655697807,0.9872591521579652,0.8104582645412982
2025-03-25,0.7581150926502636,0.9438793461999385,0.2311846329595183,0.3543780068554019
2025-03-26,0.13724359361886548,0.08150983599620386,0.19061692883291065,0.39711785250088705
2025-03-27,0.4560620672411375,0.5436283235888412,0.7817836812714046,0.005356702276331509
2025-03-28,0.7466667958588686,0.061570337890904214,0.4234448675532179,0.6366704287965743
2025-04-01,0.13489437707177912,0.042229065154361506,0.4667007615216273,0.41227096364958754
2025-04-02,0.5658902055331448,0.7967822531934416,0.660509618370447,0.4872634954811348
2025-04-03,0.6341430263523344,0.02347408414612637,0.6154170944586059,0.07481308065558652
2025-04-04,0.5025150295531119,0.06771582444176219,0.10335975398992327,0.010413807423099134
2025-04-07,0.5988509147441393,0.041063556527414224,0.04080396783546026,0.04287763832255859
2025-04-08,0.94609293732381,0.8366790459648021,0.9276279571107088,0.6949100185117791
2025-04-09,0.9828670930517844,0.14666490400060014,0.03220621120907516,0.33204833421110347
2025-04-11,0.7812387188287986,0.576761626990662,0.7788554549952403,0.7985862333352041
2025-04-15,0.4172091464159391,0.7860173733744857,0.7876285079312488,0.9602969731819314
2025-04-16,0.5925867821129093,0.21245647517352811,0.7797741693278093,0.2938358487987383
2025-04-17,0.656200740125169,0.6134859666266211,0.978666939939804,0.672211250183641
2025-04-21,0.15040423817986837,0.9455795391321353,0.9165824421946737,0.7705143623955351
2025-04-22,0.9568299908265813,0.06673760159149958,0.669681025316889,0.5132252817743443
2025-04-23,0.8505838545683253,0.9787641663452573,0.18406395038672801,0.9845247171276366
2025-04-24,0.005463757681382241,0.3970370679833669,0.4575824825721231,0.7538200773100199
2025-04-25,0.5699097068848642,0.6530901971166649,0.07870193281285003,0.11817395614127685
2025-04-28,0.2710900756402399,0.5072255854237719,0.920862528204561,0.8459418922472389
2025-04-29,0.5480700253405673,0.7880904270436264,0.30412822781306803,0.3854241470716022
2025-04-30,0.801940463498494,0.5238450482202343,0.02630269576522494,0.040086278389107874
2025-05-02,0.16991293650472913,0.622989083860885,0.709268278200903,0.6478157855188943
2025-05-05,0.8701132929968224,0.5027420453370809,0.24796700480668515,0.8385391770957674
2025-05-06,0.8984486355394913,0.5319341344494575,0.07606481441718022,0.11090561157170191
2025-05-07,0.32024360142433156,0.38526116838499275,0.5416963181349419,0.9831099023531963
2025-05-08,0.23301370221492806,0.5368193053630494,0.21310391964160516,0.5624936612953157
2025-05-09,0.17179312318933537,0.37152794017106533,0.8337776920915696,0.9588810065845027
